Iteration,Year,Total,Poison,Gases,Hanging,Drowning,Jumping,Firearms,Other,Cutting
24,1980.0,0.0,0.0,0.0,0.0,0.0,0.0,0.0,0.0,0.0
24,1981.0,2563.0,0.0,0.0,0.0,0.0,0.0,0.0,0.0,0.0
24,1982.0,2717.0,0.0,0.0,0.0,0.0,0.0,0.0,0.0,0.0
24,1983.0,2883.0,0.0,0.0,0.0,0.0,0.0,0.0,0.0,0.0
24,1984.0,2656.0,0.0,0.0,0.0,0.0,0.0,0.0,0.0,0.0
24,1985.0,2561.0,0.0,0.0,0.0,0.0,0.0,0.0,0.0,0.0
24,1986.0,2843.0,0.0,0.0,0.0,0.0,0.0,0.0,0.0,0.0
24,1987.0,2786.0,0.0,0.0,0.0,0.0,0.0,0.0,0.0,0.0
24,1988.0,2731.0,0.0,0.0,0.0,0.0,0.0,0.0,0.0,0.0
24,1989.0,2693.0,0.0,0.0,0.0,0.0,0.0,0.0,0.0,0.0
24,1990.0,2672.0,0.0,0.0,0.0,0.0,0.0,0.0,0.0,0.0
24,1991.0,2873.0,0.0,0.0,0.0,0.0,0.0,0.0,0.0,0.0
24,1992.0,2921.0,0.0,0.0,0.0,0.0,0.0,0.0,0.0,0.0
24,1993.0,3012.0,0.0,0.0,0.0,0.0,0.0,0.0,0.0,0.0
24,1994.0,2968.0,0.0,0.0,0.0,0.0,0.0,0.0,0.0,0.0
24,1995.0,3153.0,0.0,0.0,0.0,0.0,0.0,0.0,0.0,0.0
24,1996.0,3092.0,0.0,0.0,0.0,0.0,0.0,0.0,0.0,0.0
24,1997.0,2912.0,0.0,0.0,0.0,0.0,0.0,0.0,0.0,0.0
24,1998.0,2924.0,0.0,0.0,0.0,0.0,0.0,0.0,0.0,0.0
24,1999.0,3224.0,0.0,0.0,0.0,0.0,0.0,0.0,0.0,0.0
24,2000.0,2798.0,280.0,291.0,1229.0,68.0,166.0,648.0,74.0,42.0
24,2001.0,2870.0,284.0,318.0,1230.0,73.0,195.0,616.0,72.0,82.0
24,2002.0,2851.0,279.0,273.0,1276.0,73.0,186.0,615.0,78.0,71.0
24,2003.0,2903.0,334.0,231.0,1341.0,53.0,203.0,585.0,77.0,79.0
24,2004.0,2734.0,318.0,239.0,1291.0,57.0,163.0,541.0,50.0,75.0
24,2005.0,2857.0,312.0,222.0,1348.0,70.0,190.0,567.0,77.0,71.0
24,2006.0,2695.0,288.0,216.0,1220.0,69.0,198.0,567.0,53.0,84.0
24,2007.0,2727.0,347.0,206.0,1248.0,64.0,206.0,513.0,55.0,88.0
24,2008.0,2777.0,343.0,193.0,1337.0,59.0,178.0,498.0,81.0,88.0
24,2009.0,2989.0,402.0,214.0,1451.0,64.0,183.0,513.0,71.0,91.0
24,2010.0,2981.0,385.0,189.0,1399.0,70.0,228.0,563.0,71.0,76.0
24,2011.0,2910.0,382.0,166.0,1408.0,73.0,195.0,518.0,70.0,98.0
24,2012.0,2972.0,367.0,167.0,1427.0,65.0,229.0,528.0,93.0,96.0
24,2013.0,3041.0,371.0,183.0,1476.0,77.0,221.0,528.0,89.0,95.0
24,2014.0,3159.0,360.0,185.0,1574.0,72.0,208.0,559.0,76.0,125.0
24,2015.0,3269.0,358.0,179.0,1646.0,71.0,227.0,604.0,75.0,109.0
24,2016.0,2939.0,310.0,166.0,1473.0,57.0,221.0,544.0,71.0,97.0
24,2017.0,3112.0,300.0,170.0,1590.0,47.0,258.0,561.0,74.0,112.0
24,2018.0,2880.0,267.0,133.0,1543.0,45.0,197.0,507.0,91.0,97.0
24,2019.0,0.0,0.0,0.0,0.0,0.0,0.0,0.0,0.0,0.0
24,2020.0,0.0,0.0,0.0,0.0,0.0,0.0,0.0,0.0,0.0
24,2021.0,0.0,0.0,0.0,0.0,0.0,0.0,0.0,0.0,0.0
24,2022.0,0.0,0.0,0.0,0.0,0.0,0.0,0.0,0.0,0.0
24,2023.0,0.0,0.0,0.0,0.0,0.0,0.0,0.0,0.0,0.0
24,2024.0,0.0,0.0,0.0,0.0,0.0,0.0,0.0,0.0,0.0
24,2025.0,0.0,0.0,0.0,0.0,0.0,0.0,0.0,0.0,0.0
1,1980.0,0.0,0.0,0.0,0.0,0.0,0.0,0.0,0.0,0.0
1,1981.0,2563.0,0.0,0.0,0.0,0.0,0.0,0.0,0.0,0.0
1,1982.0,2717.0,0.0,0.0,0.0,0.0,0.0,0.0,0.0,0.0
1,1983.0,2883.0,0.0,0.0,0.0,0.0,0.0,0.0,0.0,0.0
1,1984.0,2656.0,0.0,0.0,0.0,0.0,0.0,0.0,0.0,0.0
1,1985.0,2561.0,0.0,0.0,0.0,0.0,0.0,0.0,0.0,0.0
1,1986.0,2843.0,0.0,0.0,0.0,0.0,0.0,0.0,0.0,0.0
1,1987.0,2786.0,0.0,0.0,0.0,0.0,0.0,0.0,0.0,0.0
1,1988.0,2731.0,0.0,0.0,0.0,0.0,0.0,0.0,0.0,0.0
1,1989.0,2693.0,0.0,0.0,0.0,0.0,0.0,0.0,0.0,0.0
1,1990.0,2672.0,0.0,0.0,0.0,0.0,0.0,0.0,0.0,0.0
1,1991.0,2873.0,0.0,0.0,0.0,0.0,0.0,0.0,0.0,0.0
1,1992.0,2921.0,0.0,0.0,0.0,0.0,0.0,0.0,0.0,0.0
1,1993.0,3012.0,0.0,0.0,0.0,0.0,0.0,0.0,0.0,0.0
1,1994.0,2968.0,0.0,0.0,0.0,0.0,0.0,0.0,0.0,0.0
1,1995.0,3153.0,0.0,0.0,0.0,0.0,0.0,0.0,0.0,0.0
1,1996.0,3092.0,0.0,0.0,0.0,0.0,0.0,0.0,0.0,0.0
1,1997.0,2912.0,0.0,0.0,0.0,0.0,0.0,0.0,0.0,0.0
1,1998.0,2924.0,0.0,0.0,0.0,0.0,0.0,0.0,0.0,0.0
1,1999.0,3224.0,0.0,0.0,0.0,0.0,0.0,0.0,0.0,0.0
1,2000.0,2798.0,280.0,291.0,1229.0,68.0,166.0,648.0,74.0,42.0
1,2001.0,2870.0,284.0,318.0,1230.0,73.0,195.0,616.0,72.0,82.0
1,2002.0,2851.0,279.0,273.0,1276.0,73.0,186.0,615.0,78.0,71.0
1,2003.0,2903.0,334.0,231.0,1341.0,53.0,203.0,585.0,77.0,79.0
1,2004.0,2734.0,318.0,239.0,1291.0,57.0,163.0,541.0,50.0,75.0
1,2005.0,2857.0,312.0,222.0,1348.0,70.0,190.0,567.0,77.0,71.0
1,2006.0,2695.0,288.0,216.0,1220.0,69.0,198.0,567.0,53.0,84.0
1,2007.0,2727.0,347.0,206.0,1248.0,64.0,206.0,513.0,55.0,88.0
1,2008.0,2777.0,343.0,193.0,1337.0,59.0,178.0,498.0,81.0,88.0
1,2009.0,2989.0,402.0,214.0,1451.0,64.0,183.0,513.0,71.0,91.0
1,2010.0,2981.0,385.0,189.0,1399.0,70.0,228.0,563.0,71.0,76.0
1,2011.0,2910.0,382.0,166.0,1408.0,73.0,195.0,518.0,70.0,98.0
1,2012.0,2972.0,367.0,167.0,1427.0,65.0,229.0,528.0,93.0,96.0
1,2013.0,3041.0,371.0,183.0,1476.0,77.0,221.0,528.0,89.0,95.0
1,2014.0,3159.0,360.0,185.0,1574.0,72.0,208.0,559.0,76.0,125.0
1,2015.0,3269.0,358.0,179.0,1646.0,71.0,227.0,604.0,75.0,109.0
1,2016.0,2939.0,310.0,166.0,1473.0,57.0,221.0,544.0,71.0,97.0
1,2017.0,3112.0,300.0,170.0,1590.0,47.0,258.0,561.0,74.0,112.0
1,2018.0,2880.0,267.0,133.0,1543.0,45.0,197.0,507.0,91.0,97.0
1,2019.0,0.0,0.0,0.0,0.0,0.0,0.0,0.0,0.0,0.0
1,2020.0,0.0,0.0,0.0,0.0,0.0,0.0,0.0,0.0,0.0
1,2021.0,0.0,0.0,0.0,0.0,0.0,0.0,0.0,0.0,0.0
1,2022.0,0.0,0.0,0.0,0.0,0.0,0.0,0.0,0.0,0.0
1,2023.0,0.0,0.0,0.0,0.0,0.0,0.0,0.0,0.0,0.0
1,2024.0,0.0,0.0,0.0,0.0,0.0,0.0,0.0,0.0,0.0
1,2025.0,0.0,0.0,0.0,0.0,0.0,0.0,0.0,0.0,0.0
30,1980.0,0.0,0.0,0.0,0.0,0.0,0.0,0.0,0.0,0.0
30,1981.0,2563.0,0.0,0.0,0.0,0.0,0.0,0.0,0.0,0.0
30,1982.0,2717.0,0.0,0.0,0.0,0.0,0.0,0.0,0.0,0.0
30,1983.0,2883.0,0.0,0.0,0.0,0.0,0.0,0.0,0.0,0.0
30,1984.0,2656.0,0.0,0.0,0.0,0.0,0.0,0.0,0.0,0.0
30,1985.0,2561.0,0.0,0.0,0.0,0.0,0.0,0.0,0.0,0.0
30,1986.0,2843.0,0.0,0.0,0.0,0.0,0.0,0.0,0.0,0.0
30,1987.0,2786.0,0.0,0.0,0.0,0.0,0.0,0.0,0.0,0.0
30,1988.0,2731.0,0.0,0.0,0.0,0.0,0.0,0.0,0.0,0.0
30,1989.0,2693.0,0.0,0.0,0.0,0.0,0.0,0.0,0.0,0.0
30,1990.0,2672.0,0.0,0.0,0.0,0.0,0.0,0.0,0.0,0.0
30,1991.0,2873.0,0.0,0.0,0.0,0.0,0.0,0.0,0.0,0.0
30,1992.0,2921.0,0.0,0.0,0.0,0.0,0.0,0.0,0.0,0.0
30,1993.0,3012.0,0.0,0.0,0.0,0.0,0.0,0.0,0.0,0.0
30,1994.0,2968.0,0.0,0.0,0.0,0.0,0.0,0.0,0.0,0.0
30,1995.0,3153.0,0.0,0.0,0.0,0.0,0.0,0.0,0.0,0.0
30,1996.0,3092.0,0.0,0.0,0.0,0.0,0.0,0.0,0.0,0.0
30,1997.0,2912.0,0.0,0.0,0.0,0.0,0.0,0.0,0.0,0.0
30,1998.0,2924.0,0.0,0.0,0.0,0.0,0.0,0.0,0.0,0.0
30,1999.0,3224.0,0.0,0.0,0.0,0.0,0.0,0.0,0.0,0.0
30,2000.0,2798.0,280.0,291.0,1229.0,68.0,166.0,648.0,74.0,42.0
30,2001.0,2870.0,284.0,318.0,1230.0,73.0,195.0,616.0,72.0,82.0
30,2002.0,2851.0,279.0,273.0,1276.0,73.0,186.0,615.0,78.0,71.0
30,2003.0,2903.0,334.0,231.0,1341.0,53.0,203.0,585.0,77.0,79.0
30,2004.0,2734.0,318.0,239.0,1291.0,57.0,163.0,541.0,50.0,75.0
30,2005.0,2857.0,312.0,222.0,1348.0,70.0,190.0,567.0,77.0,71.0
30,2006.0,2695.0,288.0,216.0,1220.0,69.0,198.0,567.0,53.0,84.0
30,2007.0,2727.0,347.0,206.0,1248.0,64.0,206.0,513.0,55.0,88.0
30,2008.0,2777.0,343.0,193.0,1337.0,59.0,178.0,498.0,81.0,88.0
30,2009.0,2989.0,402.0,214.0,1451.0,64.0,183.0,513.0,71.0,91.0
30,2010.0,2981.0,385.0,189.0,1399.0,70.0,228.0,563.0,71.0,76.0
30,2011.0,2910.0,382.0,166.0,1408.0,73.0,195.0,518.0,70.0,98.0
30,2012.0,2972.0,367.0,167.0,1427.0,65.0,229.0,528.0,93.0,96.0
30,2013.0,3041.0,371.0,183.0,1476.0,77.0,221.0,528.0,89.0,95.0
30,2014.0,3159.0,360.0,185.0,1574.0,72.0,208.0,559.0,76.0,125.0
30,2015.0,3269.0,358.0,179.0,1646.0,71.0,227.0,604.0,75.0,109.0
30,2016.0,2939.0,310.0,166.0,1473.0,57.0,221.0,544.0,71.0,97.0
30,2017.0,3112.0,300.0,170.0,1590.0,47.0,258.0,561.0,74.0,112.0
30,2018.0,2880.0,267.0,133.0,1543.0,45.0,197.0,507.0,91.0,97.0
30,2019.0,0.0,0.0,0.0,0.0,0.0,0.0,0.0,0.0,0.0
30,2020.0,0.0,0.0,0.0,0.0,0.0,0.0,0.0,0.0,0.0
30,2021.0,0.0,0.0,0.0,0.0,0.0,0.0,0.0,0.0,0.0
30,2022.0,0.0,0.0,0.0,0.0,0.0,0.0,0.0,0.0,0.0
30,2023.0,0.0,0.0,0.0,0.0,0.0,0.0,0.0,0.0,0.0
30,2024.0,0.0,0.0,0.0,0.0,0.0,0.0,0.0,0.0,0.0
30,2025.0,0.0,0.0,0.0,0.0,0.0,0.0,0.0,0.0,0.0
27,1980.0,0.0,0.0,0.0,0.0,0.0,0.0,0.0,0.0,0.0
27,1981.0,2563.0,0.0,0.0,0.0,0.0,0.0,0.0,0.0,0.0
27,1982.0,2717.0,0.0,0.0,0.0,0.0,0.0,0.0,0.0,0.0
27,1983.0,2883.0,0.0,0.0,0.0,0.0,0.0,0.0,0.0,0.0
27,1984.0,2656.0,0.0,0.0,0.0,0.0,0.0,0.0,0.0,0.0
27,1985.0,2561.0,0.0,0.0,0.0,0.0,0.0,0.0,0.0,0.0
27,1986.0,2843.0,0.0,0.0,0.0,0.0,0.0,0.0,0.0,0.0
27,1987.0,2786.0,0.0,0.0,0.0,0.0,0.0,0.0,0.0,0.0
27,1988.0,2731.0,0.0,0.0,0.0,0.0,0.0,0.0,0.0,0.0
27,1989.0,2693.0,0.0,0.0,0.0,0.0,0.0,0.0,0.0,0.0
27,1990.0,2672.0,0.0,0.0,0.0,0.0,0.0,0.0,0.0,0.0
27,1991.0,2873.0,0.0,0.0,0.0,0.0,0.0,0.0,0.0,0.0
27,1992.0,2921.0,0.0,0.0,0.0,0.0,0.0,0.0,0.0,0.0
27,1993.0,3012.0,0.0,0.0,0.0,0.0,0.0,0.0,0.0,0.0
27,1994.0,2968.0,0.0,0.0,0.0,0.0,0.0,0.0,0.0,0.0
27,1995.0,3153.0,0.0,0.0,0.0,0.0,0.0,0.0,0.0,0.0
27,1996.0,3092.0,0.0,0.0,0.0,0.0,0.0,0.0,0.0,0.0
27,1997.0,2912.0,0.0,0.0,0.0,0.0,0.0,0.0,0.0,0.0
27,1998.0,2924.0,0.0,0.0,0.0,0.0,0.0,0.0,0.0,0.0
27,1999.0,3224.0,0.0,0.0,0.0,0.0,0.0,0.0,0.0,0.0
27,2000.0,2798.0,280.0,291.0,1229.0,68.0,166.0,648.0,74.0,42.0
27,2001.0,2870.0,284.0,318.0,1230.0,73.0,195.0,616.0,72.0,82.0
27,2002.0,2851.0,279.0,273.0,1276.0,73.0,186.0,615.0,78.0,71.0
27,2003.0,2903.0,334.0,231.0,1341.0,53.0,203.0,585.0,77.0,79.0
27,2004.0,2734.0,318.0,239.0,1291.0,57.0,163.0,541.0,50.0,75.0
27,2005.0,2857.0,312.0,222.0,1348.0,70.0,190.0,567.0,77.0,71.0
27,2006.0,2695.0,288.0,216.0,1220.0,69.0,198.0,567.0,53.0,84.0
27,2007.0,2727.0,347.0,206.0,1248.0,64.0,206.0,513.0,55.0,88.0
27,2008.0,2777.0,343.0,193.0,1337.0,59.0,178.0,498.0,81.0,88.0
27,2009.0,2989.0,402.0,214.0,1451.0,64.0,183.0,513.0,71.0,91.0
27,2010.0,2981.0,385.0,189.0,1399.0,70.0,228.0,563.0,71.0,76.0
27,2011.0,2910.0,382.0,166.0,1408.0,73.0,195.0,518.0,70.0,98.0
27,2012.0,2972.0,367.0,167.0,1427.0,65.0,229.0,528.0,93.0,96.0
27,2013.0,3041.0,371.0,183.0,1476.0,77.0,221.0,528.0,89.0,95.0
27,2014.0,3159.0,360.0,185.0,1574.0,72.0,208.0,559.0,76.0,125.0
27,2015.0,3269.0,358.0,179.0,1646.0,71.0,227.0,604.0,75.0,109.0
27,2016.0,2939.0,310.0,166.0,1473.0,57.0,221.0,544.0,71.0,97.0
27,2017.0,3112.0,300.0,170.0,1590.0,47.0,258.0,561.0,74.0,112.0
27,2018.0,2880.0,267.0,133.0,1543.0,45.0,197.0,507.0,91.0,97.0
27,2019.0,0.0,0.0,0.0,0.0,0.0,0.0,0.0,0.0,0.0
27,2020.0,0.0,0.0,0.0,0.0,0.0,0.0,0.0,0.0,0.0
27,2021.0,0.0,0.0,0.0,0.0,0.0,0.0,0.0,0.0,0.0
27,2022.0,0.0,0.0,0.0,0.0,0.0,0.0,0.0,0.0,0.0
27,2023.0,0.0,0.0,0.0,0.0,0.0,0.0,0.0,0.0,0.0
27,2024.0,0.0,0.0,0.0,0.0,0.0,0.0,0.0,0.0,0.0
27,2025.0,0.0,0.0,0.0,0.0,0.0,0.0,0.0,0.0,0.0
18,1980.0,0.0,0.0,0.0,0.0,0.0,0.0,0.0,0.0,0.0
18,1981.0,2563.0,0.0,0.0,0.0,0.0,0.0,0.0,0.0,0.0
18,1982.0,2717.0,0.0,0.0,0.0,0.0,0.0,0.0,0.0,0.0
18,1983.0,2883.0,0.0,0.0,0.0,0.0,0.0,0.0,0.0,0.0
18,1984.0,2656.0,0.0,0.0,0.0,0.0,0.0,0.0,0.0,0.0
18,1985.0,2561.0,0.0,0.0,0.0,0.0,0.0,0.0,0.0,0.0
18,1986.0,2843.0,0.0,0.0,0.0,0.0,0.0,0.0,0.0,0.0
18,1987.0,2786.0,0.0,0.0,0.0,0.0,0.0,0.0,0.0,0.0
18,1988.0,2731.0,0.0,0.0,0.0,0.0,0.0,0.0,0.0,0.0
18,1989.0,2693.0,0.0,0.0,0.0,0.0,0.0,0.0,0.0,0.0
18,1990.0,2672.0,0.0,0.0,0.0,0.0,0.0,0.0,0.0,0.0
18,1991.0,2873.0,0.0,0.0,0.0,0.0,0.0,0.0,0.0,0.0
18,1992.0,2921.0,0.0,0.0,0.0,0.0,0.0,0.0,0.0,0.0
18,1993.0,3012.0,0.0,0.0,0.0,0.0,0.0,0.0,0.0,0.0
18,1994.0,2968.0,0.0,0.0,0.0,0.0,0.0,0.0,0.0,0.0
18,1995.0,3153.0,0.0,0.0,0.0,0.0,0.0,0.0,0.0,0.0
18,1996.0,3092.0,0.0,0.0,0.0,0.0,0.0,0.0,0.0,0.0
18,1997.0,2912.0,0.0,0.0,0.0,0.0,0.0,0.0,0.0,0.0
18,1998.0,2924.0,0.0,0.0,0.0,0.0,0.0,0.0,0.0,0.0
18,1999.0,3224.0,0.0,0.0,0.0,0.0,0.0,0.0,0.0,0.0
18,2000.0,2798.0,280.0,291.0,1229.0,68.0,166.0,648.0,74.0,42.0
18,2001.0,2870.0,284.0,318.0,1230.0,73.0,195.0,616.0,72.0,82.0
18,2002.0,2851.0,279.0,273.0,1276.0,73.0,186.0,615.0,78.0,71.0
18,2003.0,2903.0,334.0,231.0,1341.0,53.0,203.0,585.0,77.0,79.0
18,2004.0,2734.0,318.0,239.0,1291.0,57.0,163.0,541.0,50.0,75.0
18,2005.0,2857.0,312.0,222.0,1348.0,70.0,190.0,567.0,77.0,71.0
18,2006.0,2695.0,288.0,216.0,1220.0,69.0,198.0,567.0,53.0,84.0
18,2007.0,2727.0,347.0,206.0,1248.0,64.0,206.0,513.0,55.0,88.0
18,2008.0,2777.0,343.0,193.0,1337.0,59.0,178.0,498.0,81.0,88.0
18,2009.0,2989.0,402.0,214.0,1451.0,64.0,183.0,513.0,71.0,91.0
18,2010.0,2981.0,385.0,189.0,1399.0,70.0,228.0,563.0,71.0,76.0
18,2011.0,2910.0,382.0,166.0,1408.0,73.0,195.0,518.0,70.0,98.0
18,2012.0,2972.0,367.0,167.0,1427.0,65.0,229.0,528.0,93.0,96.0
18,2013.0,3041.0,371.0,183.0,1476.0,77.0,221.0,528.0,89.0,95.0
18,2014.0,3159.0,360.0,185.0,1574.0,72.0,208.0,559.0,76.0,125.0
18,2015.0,3269.0,358.0,179.0,1646.0,71.0,227.0,604.0,75.0,109.0
18,2016.0,2939.0,310.0,166.0,1473.0,57.0,221.0,544.0,71.0,97.0
18,2017.0,3112.0,300.0,170.0,1590.0,47.0,258.0,561.0,74.0,112.0
18,2018.0,2880.0,267.0,133.0,1543.0,45.0,197.0,507.0,91.0,97.0
18,2019.0,0.0,0.0,0.0,0.0,0.0,0.0,0.0,0.0,0.0
18,2020.0,0.0,0.0,0.0,0.0,0.0,0.0,0.0,0.0,0.0
18,2021.0,0.0,0.0,0.0,0.0,0.0,0.0,0.0,0.0,0.0
18,2022.0,0.0,0.0,0.0,0.0,0.0,0.0,0.0,0.0,0.0
18,2023.0,0.0,0.0,0.0,0.0,0.0,0.0,0.0,0.0,0.0
18,2024.0,0.0,0.0,0.0,0.0,0.0,0.0,0.0,0.0,0.0
18,2025.0,0.0,0.0,0.0,0.0,0.0,0.0,0.0,0.0,0.0
29,1980.0,0.0,0.0,0.0,0.0,0.0,0.0,0.0,0.0,0.0
29,1981.0,2563.0,0.0,0.0,0.0,0.0,0.0,0.0,0.0,0.0
29,1982.0,2717.0,0.0,0.0,0.0,0.0,0.0,0.0,0.0,0.0
29,1983.0,2883.0,0.0,0.0,0.0,0.0,0.0,0.0,0.0,0.0
29,1984.0,2656.0,0.0,0.0,0.0,0.0,0.0,0.0,0.0,0.0
29,1985.0,2561.0,0.0,0.0,0.0,0.0,0.0,0.0,0.0,0.0
29,1986.0,2843.0,0.0,0.0,0.0,0.0,0.0,0.0,0.0,0.0
29,1987.0,2786.0,0.0,0.0,0.0,0.0,0.0,0.0,0.0,0.0
29,1988.0,2731.0,0.0,0.0,0.0,0.0,0.0,0.0,0.0,0.0
29,1989.0,2693.0,0.0,0.0,0.0,0.0,0.0,0.0,0.0,0.0
29,1990.0,2672.0,0.0,0.0,0.0,0.0,0.0,0.0,0.0,0.0
29,1991.0,2873.0,0.0,0.0,0.0,0.0,0.0,0.0,0.0,0.0
29,1992.0,2921.0,0.0,0.0,0.0,0.0,0.0,0.0,0.0,0.0
29,1993.0,3012.0,0.0,0.0,0.0,0.0,0.0,0.0,0.0,0.0
29,1994.0,2968.0,0.0,0.0,0.0,0.0,0.0,0.0,0.0,0.0
29,1995.0,3153.0,0.0,0.0,0.0,0.0,0.0,0.0,0.0,0.0
29,1996.0,3092.0,0.0,0.0,0.0,0.0,0.0,0.0,0.0,0.0
29,1997.0,2912.0,0.0,0.0,0.0,0.0,0.0,0.0,0.0,0.0
29,1998.0,2924.0,0.0,0.0,0.0,0.0,0.0,0.0,0.0,0.0
29,1999.0,3224.0,0.0,0.0,0.0,0.0,0.0,0.0,0.0,0.0
29,2000.0,2798.0,280.0,291.0,1229.0,68.0,166.0,648.0,74.0,42.0
29,2001.0,2870.0,284.0,318.0,1230.0,73.0,195.0,616.0,72.0,82.0
29,2002.0,2851.0,279.0,273.0,1276.0,73.0,186.0,615.0,78.0,71.0
29,2003.0,2903.0,334.0,231.0,1341.0,53.0,203.0,585.0,77.0,79.0
29,2004.0,2734.0,318.0,239.0,1291.0,57.0,163.0,541.0,50.0,75.0
29,2005.0,2857.0,312.0,222.0,1348.0,70.0,190.0,567.0,77.0,71.0
29,2006.0,2695.0,288.0,216.0,1220.0,69.0,198.0,567.0,53.0,84.0
29,2007.0,2727.0,347.0,206.0,1248.0,64.0,206.0,513.0,55.0,88.0
29,2008.0,2777.0,343.0,193.0,1337.0,59.0,178.0,498.0,81.0,88.0
29,2009.0,2989.0,402.0,214.0,1451.0,64.0,183.0,513.0,71.0,91.0
29,2010.0,2981.0,385.0,189.0,1399.0,70.0,228.0,563.0,71.0,76.0
29,2011.0,2910.0,382.0,166.0,1408.0,73.0,195.0,518.0,70.0,98.0
29,2012.0,2972.0,367.0,167.0,1427.0,65.0,229.0,528.0,93.0,96.0
29,2013.0,3041.0,371.0,183.0,1476.0,77.0,221.0,528.0,89.0,95.0
29,2014.0,3159.0,360.0,185.0,1574.0,72.0,208.0,559.0,76.0,125.0
29,2015.0,3269.0,358.0,179.0,1646.0,71.0,227.0,604.0,75.0,109.0
29,2016.0,2939.0,310.0,166.0,1473.0,57.0,221.0,544.0,71.0,97.0
29,2017.0,3112.0,300.0,170.0,1590.0,47.0,258.0,561.0,74.0,112.0
29,2018.0,2880.0,267.0,133.0,1543.0,45.0,197.0,507.0,91.0,97.0
29,2019.0,0.0,0.0,0.0,0.0,0.0,0.0,0.0,0.0,0.0
29,2020.0,0.0,0.0,0.0,0.0,0.0,0.0,0.0,0.0,0.0
29,2021.0,0.0,0.0,0.0,0.0,0.0,0.0,0.0,0.0,0.0
29,2022.0,0.0,0.0,0.0,0.0,0.0,0.0,0.0,0.0,0.0
29,2023.0,0.0,0.0,0.0,0.0,0.0,0.0,0.0,0.0,0.0
29,2024.0,0.0,0.0,0.0,0.0,0.0,0.0,0.0,0.0,0.0
29,2025.0,0.0,0.0,0.0,0.0,0.0,0.0,0.0,0.0,0.0
15,1980.0,0.0,0.0,0.0,0.0,0.0,0.0,0.0,0.0,0.0
15,1981.0,2563.0,0.0,0.0,0.0,0.0,0.0,0.0,0.0,0.0
15,1982.0,2717.0,0.0,0.0,0.0,0.0,0.0,0.0,0.0,0.0
15,1983.0,2883.0,0.0,0.0,0.0,0.0,0.0,0.0,0.0,0.0
15,1984.0,2656.0,0.0,0.0,0.0,0.0,0.0,0.0,0.0,0.0
15,1985.0,2561.0,0.0,0.0,0.0,0.0,0.0,0.0,0.0,0.0
15,1986.0,2843.0,0.0,0.0,0.0,0.0,0.0,0.0,0.0,0.0
15,1987.0,2786.0,0.0,0.0,0.0,0.0,0.0,0.0,0.0,0.0
15,1988.0,2731.0,0.0,0.0,0.0,0.0,0.0,0.0,0.0,0.0
15,1989.0,2693.0,0.0,0.0,0.0,0.0,0.0,0.0,0.0,0.0
15,1990.0,2672.0,0.0,0.0,0.0,0.0,0.0,0.0,0.0,0.0
15,1991.0,2873.0,0.0,0.0,0.0,0.0,0.0,0.0,0.0,0.0
15,1992.0,2921.0,0.0,0.0,0.0,0.0,0.0,0.0,0.0,0.0
15,1993.0,3012.0,0.0,0.0,0.0,0.0,0.0,0.0,0.0,0.0
15,1994.0,2968.0,0.0,0.0,0.0,0.0,0.0,0.0,0.0,0.0
15,1995.0,3153.0,0.0,0.0,0.0,0.0,0.0,0.0,0.0,0.0
15,1996.0,3092.0,0.0,0.0,0.0,0.0,0.0,0.0,0.0,0.0
15,1997.0,2912.0,0.0,0.0,0.0,0.0,0.0,0.0,0.0,0.0
15,1998.0,2924.0,0.0,0.0,0.0,0.0,0.0,0.0,0.0,0.0
15,1999.0,3224.0,0.0,0.0,0.0,0.0,0.0,0.0,0.0,0.0
15,2000.0,2798.0,280.0,291.0,1229.0,68.0,166.0,648.0,74.0,42.0
15,2001.0,2870.0,284.0,318.0,1230.0,73.0,195.0,616.0,72.0,82.0
15,2002.0,2851.0,279.0,273.0,1276.0,73.0,186.0,615.0,78.0,71.0
15,2003.0,2903.0,334.0,231.0,1341.0,53.0,203.0,585.0,77.0,79.0
15,2004.0,2734.0,318.0,239.0,1291.0,57.0,163.0,541.0,50.0,75.0
15,2005.0,2857.0,312.0,222.0,1348.0,70.0,190.0,567.0,77.0,71.0
15,2006.0,2695.0,288.0,216.0,1220.0,69.0,198.0,567.0,53.0,84.0
15,2007.0,2727.0,347.0,206.0,1248.0,64.0,206.0,513.0,55.0,88.0
15,2008.0,2777.0,343.0,193.0,1337.0,59.0,178.0,498.0,81.0,88.0
15,2009.0,2989.0,402.0,214.0,1451.0,64.0,183.0,513.0,71.0,91.0
15,2010.0,2981.0,385.0,189.0,1399.0,70.0,228.0,563.0,71.0,76.0
15,2011.0,2910.0,382.0,166.0,1408.0,73.0,195.0,518.0,70.0,98.0
15,2012.0,2972.0,367.0,167.0,1427.0,65.0,229.0,528.0,93.0,96.0
15,2013.0,3041.0,371.0,183.0,1476.0,77.0,221.0,528.0,89.0,95.0
15,2014.0,3159.0,360.0,185.0,1574.0,72.0,208.0,559.0,76.0,125.0
15,2015.0,3269.0,358.0,179.0,1646.0,71.0,227.0,604.0,75.0,109.0
15,2016.0,2939.0,310.0,166.0,1473.0,57.0,221.0,544.0,71.0,97.0
15,2017.0,3112.0,300.0,170.0,1590.0,47.0,258.0,561.0,74.0,112.0
15,2018.0,2880.0,267.0,133.0,1543.0,45.0,197.0,507.0,91.0,97.0
15,2019.0,0.0,0.0,0.0,0.0,0.0,0.0,0.0,0.0,0.0
15,2020.0,0.0,0.0,0.0,0.0,0.0,0.0,0.0,0.0,0.0
15,2021.0,0.0,0.0,0.0,0.0,0.0,0.0,0.0,0.0,0.0
15,2022.0,0.0,0.0,0.0,0.0,0.0,0.0,0.0,0.0,0.0
15,2023.0,0.0,0.0,0.0,0.0,0.0,0.0,0.0,0.0,0.0
15,2024.0,0.0,0.0,0.0,0.0,0.0,0.0,0.0,0.0,0.0
15,2025.0,0.0,0.0,0.0,0.0,0.0,0.0,0.0,0.0,0.0
23,1980.0,0.0,0.0,0.0,0.0,0.0,0.0,0.0,0.0,0.0
23,1981.0,2563.0,0.0,0.0,0.0,0.0,0.0,0.0,0.0,0.0
23,1982.0,2717.0,0.0,0.0,0.0,0.0,0.0,0.0,0.0,0.0
23,1983.0,2883.0,0.0,0.0,0.0,0.0,0.0,0.0,0.0,0.0
23,1984.0,2656.0,0.0,0.0,0.0,0.0,0.0,0.0,0.0,0.0
23,1985.0,2561.0,0.0,0.0,0.0,0.0,0.0,0.0,0.0,0.0
23,1986.0,2843.0,0.0,0.0,0.0,0.0,0.0,0.0,0.0,0.0
23,1987.0,2786.0,0.0,0.0,0.0,0.0,0.0,0.0,0.0,0.0
23,1988.0,2731.0,0.0,0.0,0.0,0.0,0.0,0.0,0.0,0.0
23,1989.0,2693.0,0.0,0.0,0.0,0.0,0.0,0.0,0.0,0.0
23,1990.0,2672.0,0.0,0.0,0.0,0.0,0.0,0.0,0.0,0.0
23,1991.0,2873.0,0.0,0.0,0.0,0.0,0.0,0.0,0.0,0.0
23,1992.0,2921.0,0.0,0.0,0.0,0.0,0.0,0.0,0.0,0.0
23,1993.0,3012.0,0.0,0.0,0.0,0.0,0.0,0.0,0.0,0.0
23,1994.0,2968.0,0.0,0.0,0.0,0.0,0.0,0.0,0.0,0.0
23,1995.0,3153.0,0.0,0.0,0.0,0.0,0.0,0.0,0.0,0.0
23,1996.0,3092.0,0.0,0.0,0.0,0.0,0.0,0.0,0.0,0.0
23,1997.0,2912.0,0.0,0.0,0.0,0.0,0.0,0.0,0.0,0.0
23,1998.0,2924.0,0.0,0.0,0.0,0.0,0.0,0.0,0.0,0.0
23,1999.0,3224.0,0.0,0.0,0.0,0.0,0.0,0.0,0.0,0.0
23,2000.0,2798.0,280.0,291.0,1229.0,68.0,166.0,648.0,74.0,42.0
23,2001.0,2870.0,284.0,318.0,1230.0,73.0,195.0,616.0,72.0,82.0
23,2002.0,2851.0,279.0,273.0,1276.0,73.0,186.0,615.0,78.0,71.0
23,2003.0,2903.0,334.0,231.0,1341.0,53.0,203.0,585.0,77.0,79.0
23,2004.0,2734.0,318.0,239.0,1291.0,57.0,163.0,541.0,50.0,75.0
23,2005.0,2857.0,312.0,222.0,1348.0,70.0,190.0,567.0,77.0,71.0
23,2006.0,2695.0,288.0,216.0,1220.0,69.0,198.0,567.0,53.0,84.0
23,2007.0,2727.0,347.0,206.0,1248.0,64.0,206.0,513.0,55.0,88.0
23,2008.0,2777.0,343.0,193.0,1337.0,59.0,178.0,498.0,81.0,88.0
23,2009.0,2989.0,402.0,214.0,1451.0,64.0,183.0,513.0,71.0,91.0
23,2010.0,2981.0,385.0,189.0,1399.0,70.0,228.0,563.0,71.0,76.0
23,2011.0,2910.0,382.0,166.0,1408.0,73.0,195.0,518.0,70.0,98.0
23,2012.0,2972.0,367.0,167.0,1427.0,65.0,229.0,528.0,93.0,96.0
23,2013.0,3041.0,371.0,183.0,1476.0,77.0,221.0,528.0,89.0,95.0
23,2014.0,3159.0,360.0,185.0,1574.0,72.0,208.0,559.0,76.0,125.0
23,2015.0,3269.0,358.0,179.0,1646.0,71.0,227.0,604.0,75.0,109.0
23,2016.0,2939.0,310.0,166.0,1473.0,57.0,221.0,544.0,71.0,97.0
23,2017.0,3112.0,300.0,170.0,1590.0,47.0,258.0,561.0,74.0,112.0
23,2018.0,2880.0,267.0,133.0,1543.0,45.0,197.0,507.0,91.0,97.0
23,2019.0,0.0,0.0,0.0,0.0,0.0,0.0,0.0,0.0,0.0
23,2020.0,0.0,0.0,0.0,0.0,0.0,0.0,0.0,0.0,0.0
23,2021.0,0.0,0.0,0.0,0.0,0.0,0.0,0.0,0.0,0.0
23,2022.0,0.0,0.0,0.0,0.0,0.0,0.0,0.0,0.0,0.0
23,2023.0,0.0,0.0,0.0,0.0,0.0,0.0,0.0,0.0,0.0
23,2024.0,0.0,0.0,0.0,0.0,0.0,0.0,0.0,0.0,0.0
23,2025.0,0.0,0.0,0.0,0.0,0.0,0.0,0.0,0.0,0.0
16,1980.0,0.0,0.0,0.0,0.0,0.0,0.0,0.0,0.0,0.0
16,1981.0,2563.0,0.0,0.0,0.0,0.0,0.0,0.0,0.0,0.0
16,1982.0,2717.0,0.0,0.0,0.0,0.0,0.0,0.0,0.0,0.0
16,1983.0,2883.0,0.0,0.0,0.0,0.0,0.0,0.0,0.0,0.0
16,1984.0,2656.0,0.0,0.0,0.0,0.0,0.0,0.0,0.0,0.0
16,1985.0,2561.0,0.0,0.0,0.0,0.0,0.0,0.0,0.0,0.0
16,1986.0,2843.0,0.0,0.0,0.0,0.0,0.0,0.0,0.0,0.0
16,1987.0,2786.0,0.0,0.0,0.0,0.0,0.0,0.0,0.0,0.0
16,1988.0,2731.0,0.0,0.0,0.0,0.0,0.0,0.0,0.0,0.0
16,1989.0,2693.0,0.0,0.0,0.0,0.0,0.0,0.0,0.0,0.0
16,1990.0,2672.0,0.0,0.0,0.0,0.0,0.0,0.0,0.0,0.0
16,1991.0,2873.0,0.0,0.0,0.0,0.0,0.0,0.0,0.0,0.0
16,1992.0,2921.0,0.0,0.0,0.0,0.0,0.0,0.0,0.0,0.0
16,1993.0,3012.0,0.0,0.0,0.0,0.0,0.0,0.0,0.0,0.0
16,1994.0,2968.0,0.0,0.0,0.0,0.0,0.0,0.0,0.0,0.0
16,1995.0,3153.0,0.0,0.0,0.0,0.0,0.0,0.0,0.0,0.0
16,1996.0,3092.0,0.0,0.0,0.0,0.0,0.0,0.0,0.0,0.0
16,1997.0,2912.0,0.0,0.0,0.0,0.0,0.0,0.0,0.0,0.0
16,1998.0,2924.0,0.0,0.0,0.0,0.0,0.0,0.0,0.0,0.0
16,1999.0,3224.0,0.0,0.0,0.0,0.0,0.0,0.0,0.0,0.0
16,2000.0,2798.0,280.0,291.0,1229.0,68.0,166.0,648.0,74.0,42.0
16,2001.0,2870.0,284.0,318.0,1230.0,73.0,195.0,616.0,72.0,82.0
16,2002.0,2851.0,279.0,273.0,1276.0,73.0,186.0,615.0,78.0,71.0
16,2003.0,2903.0,334.0,231.0,1341.0,53.0,203.0,585.0,77.0,79.0
16,2004.0,2734.0,318.0,239.0,1291.0,57.0,163.0,541.0,50.0,75.0
16,2005.0,2857.0,312.0,222.0,1348.0,70.0,190.0,567.0,77.0,71.0
16,2006.0,2695.0,288.0,216.0,1220.0,69.0,198.0,567.0,53.0,84.0
16,2007.0,2727.0,347.0,206.0,1248.0,64.0,206.0,513.0,55.0,88.0
16,2008.0,2777.0,343.0,193.0,1337.0,59.0,178.0,498.0,81.0,88.0
16,2009.0,2989.0,402.0,214.0,1451.0,64.0,183.0,513.0,71.0,91.0
16,2010.0,2981.0,385.0,189.0,1399.0,70.0,228.0,563.0,71.0,76.0
16,2011.0,2910.0,382.0,166.0,1408.0,73.0,195.0,518.0,70.0,98.0
16,2012.0,2972.0,367.0,167.0,1427.0,65.0,229.0,528.0,93.0,96.0
16,2013.0,3041.0,371.0,183.0,1476.0,77.0,221.0,528.0,89.0,95.0
16,2014.0,3159.0,360.0,185.0,1574.0,72.0,208.0,559.0,76.0,125.0
16,2015.0,3269.0,358.0,179.0,1646.0,71.0,227.0,604.0,75.0,109.0
16,2016.0,2939.0,310.0,166.0,1473.0,57.0,221.0,544.0,71.0,97.0
16,2017.0,3112.0,300.0,170.0,1590.0,47.0,258.0,561.0,74.0,112.0
16,2018.0,2880.0,267.0,133.0,1543.0,45.0,197.0,507.0,91.0,97.0
16,2019.0,0.0,0.0,0.0,0.0,0.0,0.0,0.0,0.0,0.0
16,2020.0,0.0,0.0,0.0,0.0,0.0,0.0,0.0,0.0,0.0
16,2021.0,0.0,0.0,0.0,0.0,0.0,0.0,0.0,0.0,0.0
16,2022.0,0.0,0.0,0.0,0.0,0.0,0.0,0.0,0.0,0.0
16,2023.0,0.0,0.0,0.0,0.0,0.0,0.0,0.0,0.0,0.0
16,2024.0,0.0,0.0,0.0,0.0,0.0,0.0,0.0,0.0,0.0
16,2025.0,0.0,0.0,0.0,0.0,0.0,0.0,0.0,0.0,0.0
20,1980.0,0.0,0.0,0.0,0.0,0.0,0.0,0.0,0.0,0.0
20,1981.0,2563.0,0.0,0.0,0.0,0.0,0.0,0.0,0.0,0.0
20,1982.0,2717.0,0.0,0.0,0.0,0.0,0.0,0.0,0.0,0.0
20,1983.0,2883.0,0.0,0.0,0.0,0.0,0.0,0.0,0.0,0.0
20,1984.0,2656.0,0.0,0.0,0.0,0.0,0.0,0.0,0.0,0.0
20,1985.0,2561.0,0.0,0.0,0.0,0.0,0.0,0.0,0.0,0.0
20,1986.0,2843.0,0.0,0.0,0.0,0.0,0.0,0.0,0.0,0.0
20,1987.0,2786.0,0.0,0.0,0.0,0.0,0.0,0.0,0.0,0.0
20,1988.0,2731.0,0.0,0.0,0.0,0.0,0.0,0.0,0.0,0.0
20,1989.0,2693.0,0.0,0.0,0.0,0.0,0.0,0.0,0.0,0.0
20,1990.0,2672.0,0.0,0.0,0.0,0.0,0.0,0.0,0.0,0.0
20,1991.0,2873.0,0.0,0.0,0.0,0.0,0.0,0.0,0.0,0.0
20,1992.0,2921.0,0.0,0.0,0.0,0.0,0.0,0.0,0.0,0.0
20,1993.0,3012.0,0.0,0.0,0.0,0.0,0.0,0.0,0.0,0.0
20,1994.0,2968.0,0.0,0.0,0.0,0.0,0.0,0.0,0.0,0.0
20,1995.0,3153.0,0.0,0.0,0.0,0.0,0.0,0.0,0.0,0.0
20,1996.0,3092.0,0.0,0.0,0.0,0.0,0.0,0.0,0.0,0.0
20,1997.0,2912.0,0.0,0.0,0.0,0.0,0.0,0.0,0.0,0.0
20,1998.0,2924.0,0.0,0.0,0.0,0.0,0.0,0.0,0.0,0.0
20,1999.0,3224.0,0.0,0.0,0.0,0.0,0.0,0.0,0.0,0.0
20,2000.0,2798.0,280.0,291.0,1229.0,68.0,166.0,648.0,74.0,42.0
20,2001.0,2870.0,284.0,318.0,1230.0,73.0,195.0,616.0,72.0,82.0
20,2002.0,2851.0,279.0,273.0,1276.0,73.0,186.0,615.0,78.0,71.0
20,2003.0,2903.0,334.0,231.0,1341.0,53.0,203.0,585.0,77.0,79.0
20,2004.0,2734.0,318.0,239.0,1291.0,57.0,163.0,541.0,50.0,75.0
20,2005.0,2857.0,312.0,222.0,1348.0,70.0,190.0,567.0,77.0,71.0
20,2006.0,2695.0,288.0,216.0,1220.0,69.0,198.0,567.0,53.0,84.0
20,2007.0,2727.0,347.0,206.0,1248.0,64.0,206.0,513.0,55.0,88.0
20,2008.0,2777.0,343.0,193.0,1337.0,59.0,178.0,498.0,81.0,88.0
20,2009.0,2989.0,402.0,214.0,1451.0,64.0,183.0,513.0,71.0,91.0
20,2010.0,2981.0,385.0,189.0,1399.0,70.0,228.0,563.0,71.0,76.0
20,2011.0,2910.0,382.0,166.0,1408.0,73.0,195.0,518.0,70.0,98.0
20,2012.0,2972.0,367.0,167.0,1427.0,65.0,229.0,528.0,93.0,96.0
20,2013.0,3041.0,371.0,183.0,1476.0,77.0,221.0,528.0,89.0,95.0
20,2014.0,3159.0,360.0,185.0,1574.0,72.0,208.0,559.0,76.0,125.0
20,2015.0,3269.0,358.0,179.0,1646.0,71.0,227.0,604.0,75.0,109.0
20,2016.0,2939.0,310.0,166.0,1473.0,57.0,221.0,544.0,71.0,97.0
20,2017.0,3112.0,300.0,170.0,1590.0,47.0,258.0,561.0,74.0,112.0
20,2018.0,2880.0,267.0,133.0,1543.0,45.0,197.0,507.0,91.0,97.0
20,2019.0,0.0,0.0,0.0,0.0,0.0,0.0,0.0,0.0,0.0
20,2020.0,0.0,0.0,0.0,0.0,0.0,0.0,0.0,0.0,0.0
20,2021.0,0.0,0.0,0.0,0.0,0.0,0.0,0.0,0.0,0.0
20,2022.0,0.0,0.0,0.0,0.0,0.0,0.0,0.0,0.0,0.0
20,2023.0,0.0,0.0,0.0,0.0,0.0,0.0,0.0,0.0,0.0
20,2024.0,0.0,0.0,0.0,0.0,0.0,0.0,0.0,0.0,0.0
20,2025.0,0.0,0.0,0.0,0.0,0.0,0.0,0.0,0.0,0.0
7,1980.0,0.0,0.0,0.0,0.0,0.0,0.0,0.0,0.0,0.0
7,1981.0,2563.0,0.0,0.0,0.0,0.0,0.0,0.0,0.0,0.0
7,1982.0,2717.0,0.0,0.0,0.0,0.0,0.0,0.0,0.0,0.0
7,1983.0,2883.0,0.0,0.0,0.0,0.0,0.0,0.0,0.0,0.0
7,1984.0,2656.0,0.0,0.0,0.0,0.0,0.0,0.0,0.0,0.0
7,1985.0,2561.0,0.0,0.0,0.0,0.0,0.0,0.0,0.0,0.0
7,1986.0,2843.0,0.0,0.0,0.0,0.0,0.0,0.0,0.0,0.0
7,1987.0,2786.0,0.0,0.0,0.0,0.0,0.0,0.0,0.0,0.0
7,1988.0,2731.0,0.0,0.0,0.0,0.0,0.0,0.0,0.0,0.0
7,1989.0,2693.0,0.0,0.0,0.0,0.0,0.0,0.0,0.0,0.0
7,1990.0,2672.0,0.0,0.0,0.0,0.0,0.0,0.0,0.0,0.0
7,1991.0,2873.0,0.0,0.0,0.0,0.0,0.0,0.0,0.0,0.0
7,1992.0,2921.0,0.0,0.0,0.0,0.0,0.0,0.0,0.0,0.0
7,1993.0,3012.0,0.0,0.0,0.0,0.0,0.0,0.0,0.0,0.0
7,1994.0,2968.0,0.0,0.0,0.0,0.0,0.0,0.0,0.0,0.0
7,1995.0,3153.0,0.0,0.0,0.0,0.0,0.0,0.0,0.0,0.0
7,1996.0,3092.0,0.0,0.0,0.0,0.0,0.0,0.0,0.0,0.0
7,1997.0,2912.0,0.0,0.0,0.0,0.0,0.0,0.0,0.0,0.0
7,1998.0,2924.0,0.0,0.0,0.0,0.0,0.0,0.0,0.0,0.0
7,1999.0,3224.0,0.0,0.0,0.0,0.0,0.0,0.0,0.0,0.0
7,2000.0,2798.0,280.0,291.0,1229.0,68.0,166.0,648.0,74.0,42.0
7,2001.0,2870.0,284.0,318.0,1230.0,73.0,195.0,616.0,72.0,82.0
7,2002.0,2851.0,279.0,273.0,1276.0,73.0,186.0,615.0,78.0,71.0
7,2003.0,2903.0,334.0,231.0,1341.0,53.0,203.0,585.0,77.0,79.0
7,2004.0,2734.0,318.0,239.0,1291.0,57.0,163.0,541.0,50.0,75.0
7,2005.0,2857.0,312.0,222.0,1348.0,70.0,190.0,567.0,77.0,71.0
7,2006.0,2695.0,288.0,216.0,1220.0,69.0,198.0,567.0,53.0,84.0
7,2007.0,2727.0,347.0,206.0,1248.0,64.0,206.0,513.0,55.0,88.0
7,2008.0,2777.0,343.0,193.0,1337.0,59.0,178.0,498.0,81.0,88.0
7,2009.0,2989.0,402.0,214.0,1451.0,64.0,183.0,513.0,71.0,91.0
7,2010.0,2981.0,385.0,189.0,1399.0,70.0,228.0,563.0,71.0,76.0
7,2011.0,2910.0,382.0,166.0,1408.0,73.0,195.0,518.0,70.0,98.0
7,2012.0,2972.0,367.0,167.0,1427.0,65.0,229.0,528.0,93.0,96.0
7,2013.0,3041.0,371.0,183.0,1476.0,77.0,221.0,528.0,89.0,95.0
7,2014.0,3159.0,360.0,185.0,1574.0,72.0,208.0,559.0,76.0,125.0
7,2015.0,3269.0,358.0,179.0,1646.0,71.0,227.0,604.0,75.0,109.0
7,2016.0,2939.0,310.0,166.0,1473.0,57.0,221.0,544.0,71.0,97.0
7,2017.0,3112.0,300.0,170.0,1590.0,47.0,258.0,561.0,74.0,112.0
7,2018.0,2880.0,267.0,133.0,1543.0,45.0,197.0,507.0,91.0,97.0
7,2019.0,0.0,0.0,0.0,0.0,0.0,0.0,0.0,0.0,0.0
7,2020.0,0.0,0.0,0.0,0.0,0.0,0.0,0.0,0.0,0.0
7,2021.0,0.0,0.0,0.0,0.0,0.0,0.0,0.0,0.0,0.0
7,2022.0,0.0,0.0,0.0,0.0,0.0,0.0,0.0,0.0,0.0
7,2023.0,0.0,0.0,0.0,0.0,0.0,0.0,0.0,0.0,0.0
7,2024.0,0.0,0.0,0.0,0.0,0.0,0.0,0.0,0.0,0.0
7,2025.0,0.0,0.0,0.0,0.0,0.0,0.0,0.0,0.0,0.0
25,1980.0,0.0,0.0,0.0,0.0,0.0,0.0,0.0,0.0,0.0
25,1981.0,2563.0,0.0,0.0,0.0,0.0,0.0,0.0,0.0,0.0
25,1982.0,2717.0,0.0,0.0,0.0,0.0,0.0,0.0,0.0,0.0
25,1983.0,2883.0,0.0,0.0,0.0,0.0,0.0,0.0,0.0,0.0
25,1984.0,2656.0,0.0,0.0,0.0,0.0,0.0,0.0,0.0,0.0
25,1985.0,2561.0,0.0,0.0,0.0,0.0,0.0,0.0,0.0,0.0
25,1986.0,2843.0,0.0,0.0,0.0,0.0,0.0,0.0,0.0,0.0
25,1987.0,2786.0,0.0,0.0,0.0,0.0,0.0,0.0,0.0,0.0
25,1988.0,2731.0,0.0,0.0,0.0,0.0,0.0,0.0,0.0,0.0
25,1989.0,2693.0,0.0,0.0,0.0,0.0,0.0,0.0,0.0,0.0
25,1990.0,2672.0,0.0,0.0,0.0,0.0,0.0,0.0,0.0,0.0
25,1991.0,2873.0,0.0,0.0,0.0,0.0,0.0,0.0,0.0,0.0
25,1992.0,2921.0,0.0,0.0,0.0,0.0,0.0,0.0,0.0,0.0
25,1993.0,3012.0,0.0,0.0,0.0,0.0,0.0,0.0,0.0,0.0
25,1994.0,2968.0,0.0,0.0,0.0,0.0,0.0,0.0,0.0,0.0
25,1995.0,3153.0,0.0,0.0,0.0,0.0,0.0,0.0,0.0,0.0
25,1996.0,3092.0,0.0,0.0,0.0,0.0,0.0,0.0,0.0,0.0
25,1997.0,2912.0,0.0,0.0,0.0,0.0,0.0,0.0,0.0,0.0
25,1998.0,2924.0,0.0,0.0,0.0,0.0,0.0,0.0,0.0,0.0
25,1999.0,3224.0,0.0,0.0,0.0,0.0,0.0,0.0,0.0,0.0
25,2000.0,2798.0,280.0,291.0,1229.0,68.0,166.0,648.0,74.0,42.0
25,2001.0,2870.0,284.0,318.0,1230.0,73.0,195.0,616.0,72.0,82.0
25,2002.0,2851.0,279.0,273.0,1276.0,73.0,186.0,615.0,78.0,71.0
25,2003.0,2903.0,334.0,231.0,1341.0,53.0,203.0,585.0,77.0,79.0
25,2004.0,2734.0,318.0,239.0,1291.0,57.0,163.0,541.0,50.0,75.0
25,2005.0,2857.0,312.0,222.0,1348.0,70.0,190.0,567.0,77.0,71.0
25,2006.0,2695.0,288.0,216.0,1220.0,69.0,198.0,567.0,53.0,84.0
25,2007.0,2727.0,347.0,206.0,1248.0,64.0,206.0,513.0,55.0,88.0
25,2008.0,2777.0,343.0,193.0,1337.0,59.0,178.0,498.0,81.0,88.0
25,2009.0,2989.0,402.0,214.0,1451.0,64.0,183.0,513.0,71.0,91.0
25,2010.0,2981.0,385.0,189.0,1399.0,70.0,228.0,563.0,71.0,76.0
25,2011.0,2910.0,382.0,166.0,1408.0,73.0,195.0,518.0,70.0,98.0
25,2012.0,2972.0,367.0,167.0,1427.0,65.0,229.0,528.0,93.0,96.0
25,2013.0,3041.0,371.0,183.0,1476.0,77.0,221.0,528.0,89.0,95.0
25,2014.0,3159.0,360.0,185.0,1574.0,72.0,208.0,559.0,76.0,125.0
25,2015.0,3269.0,358.0,179.0,1646.0,71.0,227.0,604.0,75.0,109.0
25,2016.0,2939.0,310.0,166.0,1473.0,57.0,221.0,544.0,71.0,97.0
25,2017.0,3112.0,300.0,170.0,1590.0,47.0,258.0,561.0,74.0,112.0
25,2018.0,2880.0,267.0,133.0,1543.0,45.0,197.0,507.0,91.0,97.0
25,2019.0,0.0,0.0,0.0,0.0,0.0,0.0,0.0,0.0,0.0
25,2020.0,0.0,0.0,0.0,0.0,0.0,0.0,0.0,0.0,0.0
25,2021.0,0.0,0.0,0.0,0.0,0.0,0.0,0.0,0.0,0.0
25,2022.0,0.0,0.0,0.0,0.0,0.0,0.0,0.0,0.0,0.0
25,2023.0,0.0,0.0,0.0,0.0,0.0,0.0,0.0,0.0,0.0
25,2024.0,0.0,0.0,0.0,0.0,0.0,0.0,0.0,0.0,0.0
25,2025.0,0.0,0.0,0.0,0.0,0.0,0.0,0.0,0.0,0.0
22,1980.0,0.0,0.0,0.0,0.0,0.0,0.0,0.0,0.0,0.0
22,1981.0,2563.0,0.0,0.0,0.0,0.0,0.0,0.0,0.0,0.0
22,1982.0,2717.0,0.0,0.0,0.0,0.0,0.0,0.0,0.0,0.0
22,1983.0,2883.0,0.0,0.0,0.0,0.0,0.0,0.0,0.0,0.0
22,1984.0,2656.0,0.0,0.0,0.0,0.0,0.0,0.0,0.0,0.0
22,1985.0,2561.0,0.0,0.0,0.0,0.0,0.0,0.0,0.0,0.0
22,1986.0,2843.0,0.0,0.0,0.0,0.0,0.0,0.0,0.0,0.0
22,1987.0,2786.0,0.0,0.0,0.0,0.0,0.0,0.0,0.0,0.0
22,1988.0,2731.0,0.0,0.0,0.0,0.0,0.0,0.0,0.0,0.0
22,1989.0,2693.0,0.0,0.0,0.0,0.0,0.0,0.0,0.0,0.0
22,1990.0,2672.0,0.0,0.0,0.0,0.0,0.0,0.0,0.0,0.0
22,1991.0,2873.0,0.0,0.0,0.0,0.0,0.0,0.0,0.0,0.0
22,1992.0,2921.0,0.0,0.0,0.0,0.0,0.0,0.0,0.0,0.0
22,1993.0,3012.0,0.0,0.0,0.0,0.0,0.0,0.0,0.0,0.0
22,1994.0,2968.0,0.0,0.0,0.0,0.0,0.0,0.0,0.0,0.0
22,1995.0,3153.0,0.0,0.0,0.0,0.0,0.0,0.0,0.0,0.0
22,1996.0,3092.0,0.0,0.0,0.0,0.0,0.0,0.0,0.0,0.0
22,1997.0,2912.0,0.0,0.0,0.0,0.0,0.0,0.0,0.0,0.0
22,1998.0,2924.0,0.0,0.0,0.0,0.0,0.0,0.0,0.0,0.0
22,1999.0,3224.0,0.0,0.0,0.0,0.0,0.0,0.0,0.0,0.0
22,2000.0,2798.0,280.0,291.0,1229.0,68.0,166.0,648.0,74.0,42.0
22,2001.0,2870.0,284.0,318.0,1230.0,73.0,195.0,616.0,72.0,82.0
22,2002.0,2851.0,279.0,273.0,1276.0,73.0,186.0,615.0,78.0,71.0
22,2003.0,2903.0,334.0,231.0,1341.0,53.0,203.0,585.0,77.0,79.0
22,2004.0,2734.0,318.0,239.0,1291.0,57.0,163.0,541.0,50.0,75.0
22,2005.0,2857.0,312.0,222.0,1348.0,70.0,190.0,567.0,77.0,71.0
22,2006.0,2695.0,288.0,216.0,1220.0,69.0,198.0,567.0,53.0,84.0
22,2007.0,2727.0,347.0,206.0,1248.0,64.0,206.0,513.0,55.0,88.0
22,2008.0,2777.0,343.0,193.0,1337.0,59.0,178.0,498.0,81.0,88.0
22,2009.0,2989.0,402.0,214.0,1451.0,64.0,183.0,513.0,71.0,91.0
22,2010.0,2981.0,385.0,189.0,1399.0,70.0,228.0,563.0,71.0,76.0
22,2011.0,2910.0,382.0,166.0,1408.0,73.0,195.0,518.0,70.0,98.0
22,2012.0,2972.0,367.0,167.0,1427.0,65.0,229.0,528.0,93.0,96.0
22,2013.0,3041.0,371.0,183.0,1476.0,77.0,221.0,528.0,89.0,95.0
22,2014.0,3159.0,360.0,185.0,1574.0,72.0,208.0,559.0,76.0,125.0
22,2015.0,3269.0,358.0,179.0,1646.0,71.0,227.0,604.0,75.0,109.0
22,2016.0,2939.0,310.0,166.0,1473.0,57.0,221.0,544.0,71.0,97.0
22,2017.0,3112.0,300.0,170.0,1590.0,47.0,258.0,561.0,74.0,112.0
22,2018.0,2880.0,267.0,133.0,1543.0,45.0,197.0,507.0,91.0,97.0
22,2019.0,0.0,0.0,0.0,0.0,0.0,0.0,0.0,0.0,0.0
22,2020.0,0.0,0.0,0.0,0.0,0.0,0.0,0.0,0.0,0.0
22,2021.0,0.0,0.0,0.0,0.0,0.0,0.0,0.0,0.0,0.0
22,2022.0,0.0,0.0,0.0,0.0,0.0,0.0,0.0,0.0,0.0
22,2023.0,0.0,0.0,0.0,0.0,0.0,0.0,0.0,0.0,0.0
22,2024.0,0.0,0.0,0.0,0.0,0.0,0.0,0.0,0.0,0.0
22,2025.0,0.0,0.0,0.0,0.0,0.0,0.0,0.0,0.0,0.0
8,1980.0,0.0,0.0,0.0,0.0,0.0,0.0,0.0,0.0,0.0
8,1981.0,2563.0,0.0,0.0,0.0,0.0,0.0,0.0,0.0,0.0
8,1982.0,2717.0,0.0,0.0,0.0,0.0,0.0,0.0,0.0,0.0
8,1983.0,2883.0,0.0,0.0,0.0,0.0,0.0,0.0,0.0,0.0
8,1984.0,2656.0,0.0,0.0,0.0,0.0,0.0,0.0,0.0,0.0
8,1985.0,2561.0,0.0,0.0,0.0,0.0,0.0,0.0,0.0,0.0
8,1986.0,2843.0,0.0,0.0,0.0,0.0,0.0,0.0,0.0,0.0
8,1987.0,2786.0,0.0,0.0,0.0,0.0,0.0,0.0,0.0,0.0
8,1988.0,2731.0,0.0,0.0,0.0,0.0,0.0,0.0,0.0,0.0
8,1989.0,2693.0,0.0,0.0,0.0,0.0,0.0,0.0,0.0,0.0
8,1990.0,2672.0,0.0,0.0,0.0,0.0,0.0,0.0,0.0,0.0
8,1991.0,2873.0,0.0,0.0,0.0,0.0,0.0,0.0,0.0,0.0
8,1992.0,2921.0,0.0,0.0,0.0,0.0,0.0,0.0,0.0,0.0
8,1993.0,3012.0,0.0,0.0,0.0,0.0,0.0,0.0,0.0,0.0
8,1994.0,2968.0,0.0,0.0,0.0,0.0,0.0,0.0,0.0,0.0
8,1995.0,3153.0,0.0,0.0,0.0,0.0,0.0,0.0,0.0,0.0
8,1996.0,3092.0,0.0,0.0,0.0,0.0,0.0,0.0,0.0,0.0
8,1997.0,2912.0,0.0,0.0,0.0,0.0,0.0,0.0,0.0,0.0
8,1998.0,2924.0,0.0,0.0,0.0,0.0,0.0,0.0,0.0,0.0
8,1999.0,3224.0,0.0,0.0,0.0,0.0,0.0,0.0,0.0,0.0
8,2000.0,2798.0,280.0,291.0,1229.0,68.0,166.0,648.0,74.0,42.0
8,2001.0,2870.0,284.0,318.0,1230.0,73.0,195.0,616.0,72.0,82.0
8,2002.0,2851.0,279.0,273.0,1276.0,73.0,186.0,615.0,78.0,71.0
8,2003.0,2903.0,334.0,231.0,1341.0,53.0,203.0,585.0,77.0,79.0
8,2004.0,2734.0,318.0,239.0,1291.0,57.0,163.0,541.0,50.0,75.0
8,2005.0,2857.0,312.0,222.0,1348.0,70.0,190.0,567.0,77.0,71.0
8,2006.0,2695.0,288.0,216.0,1220.0,69.0,198.0,567.0,53.0,84.0
8,2007.0,2727.0,347.0,206.0,1248.0,64.0,206.0,513.0,55.0,88.0
8,2008.0,2777.0,343.0,193.0,1337.0,59.0,178.0,498.0,81.0,88.0
8,2009.0,2989.0,402.0,214.0,1451.0,64.0,183.0,513.0,71.0,91.0
8,2010.0,2981.0,385.0,189.0,1399.0,70.0,228.0,563.0,71.0,76.0
8,2011.0,2910.0,382.0,166.0,1408.0,73.0,195.0,518.0,70.0,98.0
8,2012.0,2972.0,367.0,167.0,1427.0,65.0,229.0,528.0,93.0,96.0
8,2013.0,3041.0,371.0,183.0,1476.0,77.0,221.0,528.0,89.0,95.0
8,2014.0,3159.0,360.0,185.0,1574.0,72.0,208.0,559.0,76.0,125.0
8,2015.0,3269.0,358.0,179.0,1646.0,71.0,227.0,604.0,75.0,109.0
8,2016.0,2939.0,310.0,166.0,1473.0,57.0,221.0,544.0,71.0,97.0
8,2017.0,3112.0,300.0,170.0,1590.0,47.0,258.0,561.0,74.0,112.0
8,2018.0,2880.0,267.0,133.0,1543.0,45.0,197.0,507.0,91.0,97.0
8,2019.0,0.0,0.0,0.0,0.0,0.0,0.0,0.0,0.0,0.0
8,2020.0,0.0,0.0,0.0,0.0,0.0,0.0,0.0,0.0,0.0
8,2021.0,0.0,0.0,0.0,0.0,0.0,0.0,0.0,0.0,0.0
8,2022.0,0.0,0.0,0.0,0.0,0.0,0.0,0.0,0.0,0.0
8,2023.0,0.0,0.0,0.0,0.0,0.0,0.0,0.0,0.0,0.0
8,2024.0,0.0,0.0,0.0,0.0,0.0,0.0,0.0,0.0,0.0
8,2025.0,0.0,0.0,0.0,0.0,0.0,0.0,0.0,0.0,0.0
2,1980.0,0.0,0.0,0.0,0.0,0.0,0.0,0.0,0.0,0.0
2,1981.0,2563.0,0.0,0.0,0.0,0.0,0.0,0.0,0.0,0.0
2,1982.0,2717.0,0.0,0.0,0.0,0.0,0.0,0.0,0.0,0.0
2,1983.0,2883.0,0.0,0.0,0.0,0.0,0.0,0.0,0.0,0.0
2,1984.0,2656.0,0.0,0.0,0.0,0.0,0.0,0.0,0.0,0.0
2,1985.0,2561.0,0.0,0.0,0.0,0.0,0.0,0.0,0.0,0.0
2,1986.0,2843.0,0.0,0.0,0.0,0.0,0.0,0.0,0.0,0.0
2,1987.0,2786.0,0.0,0.0,0.0,0.0,0.0,0.0,0.0,0.0
2,1988.0,2731.0,0.0,0.0,0.0,0.0,0.0,0.0,0.0,0.0
2,1989.0,2693.0,0.0,0.0,0.0,0.0,0.0,0.0,0.0,0.0
2,1990.0,2672.0,0.0,0.0,0.0,0.0,0.0,0.0,0.0,0.0
2,1991.0,2873.0,0.0,0.0,0.0,0.0,0.0,0.0,0.0,0.0
2,1992.0,2921.0,0.0,0.0,0.0,0.0,0.0,0.0,0.0,0.0
2,1993.0,3012.0,0.0,0.0,0.0,0.0,0.0,0.0,0.0,0.0
2,1994.0,2968.0,0.0,0.0,0.0,0.0,0.0,0.0,0.0,0.0
2,1995.0,3153.0,0.0,0.0,0.0,0.0,0.0,0.0,0.0,0.0
2,1996.0,3092.0,0.0,0.0,0.0,0.0,0.0,0.0,0.0,0.0
2,1997.0,2912.0,0.0,0.0,0.0,0.0,0.0,0.0,0.0,0.0
2,1998.0,2924.0,0.0,0.0,0.0,0.0,0.0,0.0,0.0,0.0
2,1999.0,3224.0,0.0,0.0,0.0,0.0,0.0,0.0,0.0,0.0
2,2000.0,2798.0,280.0,291.0,1229.0,68.0,166.0,648.0,74.0,42.0
2,2001.0,2870.0,284.0,318.0,1230.0,73.0,195.0,616.0,72.0,82.0
2,2002.0,2851.0,279.0,273.0,1276.0,73.0,186.0,615.0,78.0,71.0
2,2003.0,2903.0,334.0,231.0,1341.0,53.0,203.0,585.0,77.0,79.0
2,2004.0,2734.0,318.0,239.0,1291.0,57.0,163.0,541.0,50.0,75.0
2,2005.0,2857.0,312.0,222.0,1348.0,70.0,190.0,567.0,77.0,71.0
2,2006.0,2695.0,288.0,216.0,1220.0,69.0,198.0,567.0,53.0,84.0
2,2007.0,2727.0,347.0,206.0,1248.0,64.0,206.0,513.0,55.0,88.0
2,2008.0,2777.0,343.0,193.0,1337.0,59.0,178.0,498.0,81.0,88.0
2,2009.0,2989.0,402.0,214.0,1451.0,64.0,183.0,513.0,71.0,91.0
2,2010.0,2981.0,385.0,189.0,1399.0,70.0,228.0,563.0,71.0,76.0
2,2011.0,2910.0,382.0,166.0,1408.0,73.0,195.0,518.0,70.0,98.0
2,2012.0,2972.0,367.0,167.0,1427.0,65.0,229.0,528.0,93.0,96.0
2,2013.0,3041.0,371.0,183.0,1476.0,77.0,221.0,528.0,89.0,95.0
2,2014.0,3159.0,360.0,185.0,1574.0,72.0,208.0,559.0,76.0,125.0
2,2015.0,3269.0,358.0,179.0,1646.0,71.0,227.0,604.0,75.0,109.0
2,2016.0,2939.0,310.0,166.0,1473.0,57.0,221.0,544.0,71.0,97.0
2,2017.0,3112.0,300.0,170.0,1590.0,47.0,258.0,561.0,74.0,112.0
2,2018.0,2880.0,267.0,133.0,1543.0,45.0,197.0,507.0,91.0,97.0
2,2019.0,0.0,0.0,0.0,0.0,0.0,0.0,0.0,0.0,0.0
2,2020.0,0.0,0.0,0.0,0.0,0.0,0.0,0.0,0.0,0.0
2,2021.0,0.0,0.0,0.0,0.0,0.0,0.0,0.0,0.0,0.0
2,2022.0,0.0,0.0,0.0,0.0,0.0,0.0,0.0,0.0,0.0
2,2023.0,0.0,0.0,0.0,0.0,0.0,0.0,0.0,0.0,0.0
2,2024.0,0.0,0.0,0.0,0.0,0.0,0.0,0.0,0.0,0.0
2,2025.0,0.0,0.0,0.0,0.0,0.0,0.0,0.0,0.0,0.0
3,1980.0,0.0,0.0,0.0,0.0,0.0,0.0,0.0,0.0,0.0
3,1981.0,2563.0,0.0,0.0,0.0,0.0,0.0,0.0,0.0,0.0
3,1982.0,2717.0,0.0,0.0,0.0,0.0,0.0,0.0,0.0,0.0
3,1983.0,2883.0,0.0,0.0,0.0,0.0,0.0,0.0,0.0,0.0
3,1984.0,2656.0,0.0,0.0,0.0,0.0,0.0,0.0,0.0,0.0
3,1985.0,2561.0,0.0,0.0,0.0,0.0,0.0,0.0,0.0,0.0
3,1986.0,2843.0,0.0,0.0,0.0,0.0,0.0,0.0,0.0,0.0
3,1987.0,2786.0,0.0,0.0,0.0,0.0,0.0,0.0,0.0,0.0
3,1988.0,2731.0,0.0,0.0,0.0,0.0,0.0,0.0,0.0,0.0
3,1989.0,2693.0,0.0,0.0,0.0,0.0,0.0,0.0,0.0,0.0
3,1990.0,2672.0,0.0,0.0,0.0,0.0,0.0,0.0,0.0,0.0
3,1991.0,2873.0,0.0,0.0,0.0,0.0,0.0,0.0,0.0,0.0
3,1992.0,2921.0,0.0,0.0,0.0,0.0,0.0,0.0,0.0,0.0
3,1993.0,3012.0,0.0,0.0,0.0,0.0,0.0,0.0,0.0,0.0
3,1994.0,2968.0,0.0,0.0,0.0,0.0,0.0,0.0,0.0,0.0
3,1995.0,3153.0,0.0,0.0,0.0,0.0,0.0,0.0,0.0,0.0
3,1996.0,3092.0,0.0,0.0,0.0,0.0,0.0,0.0,0.0,0.0
3,1997.0,2912.0,0.0,0.0,0.0,0.0,0.0,0.0,0.0,0.0
3,1998.0,2924.0,0.0,0.0,0.0,0.0,0.0,0.0,0.0,0.0
3,1999.0,3224.0,0.0,0.0,0.0,0.0,0.0,0.0,0.0,0.0
3,2000.0,2798.0,280.0,291.0,1229.0,68.0,166.0,648.0,74.0,42.0
3,2001.0,2870.0,284.0,318.0,1230.0,73.0,195.0,616.0,72.0,82.0
3,2002.0,2851.0,279.0,273.0,1276.0,73.0,186.0,615.0,78.0,71.0
3,2003.0,2903.0,334.0,231.0,1341.0,53.0,203.0,585.0,77.0,79.0
3,2004.0,2734.0,318.0,239.0,1291.0,57.0,163.0,541.0,50.0,75.0
3,2005.0,2857.0,312.0,222.0,1348.0,70.0,190.0,567.0,77.0,71.0
3,2006.0,2695.0,288.0,216.0,1220.0,69.0,198.0,567.0,53.0,84.0
3,2007.0,2727.0,347.0,206.0,1248.0,64.0,206.0,513.0,55.0,88.0
3,2008.0,2777.0,343.0,193.0,1337.0,59.0,178.0,498.0,81.0,88.0
3,2009.0,2989.0,402.0,214.0,1451.0,64.0,183.0,513.0,71.0,91.0
3,2010.0,2981.0,385.0,189.0,1399.0,70.0,228.0,563.0,71.0,76.0
3,2011.0,2910.0,382.0,166.0,1408.0,73.0,195.0,518.0,70.0,98.0
3,2012.0,2972.0,367.0,167.0,1427.0,65.0,229.0,528.0,93.0,96.0
3,2013.0,3041.0,371.0,183.0,1476.0,77.0,221.0,528.0,89.0,95.0
3,2014.0,3159.0,360.0,185.0,1574.0,72.0,208.0,559.0,76.0,125.0
3,2015.0,3269.0,358.0,179.0,1646.0,71.0,227.0,604.0,75.0,109.0
3,2016.0,2939.0,310.0,166.0,1473.0,57.0,221.0,544.0,71.0,97.0
3,2017.0,3112.0,300.0,170.0,1590.0,47.0,258.0,561.0,74.0,112.0
3,2018.0,2880.0,267.0,133.0,1543.0,45.0,197.0,507.0,91.0,97.0
3,2019.0,0.0,0.0,0.0,0.0,0.0,0.0,0.0,0.0,0.0
3,2020.0,0.0,0.0,0.0,0.0,0.0,0.0,0.0,0.0,0.0
3,2021.0,0.0,0.0,0.0,0.0,0.0,0.0,0.0,0.0,0.0
3,2022.0,0.0,0.0,0.0,0.0,0.0,0.0,0.0,0.0,0.0
3,2023.0,0.0,0.0,0.0,0.0,0.0,0.0,0.0,0.0,0.0
3,2024.0,0.0,0.0,0.0,0.0,0.0,0.0,0.0,0.0,0.0
3,2025.0,0.0,0.0,0.0,0.0,0.0,0.0,0.0,0.0,0.0
13,1980.0,0.0,0.0,0.0,0.0,0.0,0.0,0.0,0.0,0.0
13,1981.0,2563.0,0.0,0.0,0.0,0.0,0.0,0.0,0.0,0.0
13,1982.0,2717.0,0.0,0.0,0.0,0.0,0.0,0.0,0.0,0.0
13,1983.0,2883.0,0.0,0.0,0.0,0.0,0.0,0.0,0.0,0.0
13,1984.0,2656.0,0.0,0.0,0.0,0.0,0.0,0.0,0.0,0.0
13,1985.0,2561.0,0.0,0.0,0.0,0.0,0.0,0.0,0.0,0.0
13,1986.0,2843.0,0.0,0.0,0.0,0.0,0.0,0.0,0.0,0.0
13,1987.0,2786.0,0.0,0.0,0.0,0.0,0.0,0.0,0.0,0.0
13,1988.0,2731.0,0.0,0.0,0.0,0.0,0.0,0.0,0.0,0.0
13,1989.0,2693.0,0.0,0.0,0.0,0.0,0.0,0.0,0.0,0.0
13,1990.0,2672.0,0.0,0.0,0.0,0.0,0.0,0.0,0.0,0.0
13,1991.0,2873.0,0.0,0.0,0.0,0.0,0.0,0.0,0.0,0.0
13,1992.0,2921.0,0.0,0.0,0.0,0.0,0.0,0.0,0.0,0.0
13,1993.0,3012.0,0.0,0.0,0.0,0.0,0.0,0.0,0.0,0.0
13,1994.0,2968.0,0.0,0.0,0.0,0.0,0.0,0.0,0.0,0.0
13,1995.0,3153.0,0.0,0.0,0.0,0.0,0.0,0.0,0.0,0.0
13,1996.0,3092.0,0.0,0.0,0.0,0.0,0.0,0.0,0.0,0.0
13,1997.0,2912.0,0.0,0.0,0.0,0.0,0.0,0.0,0.0,0.0
13,1998.0,2924.0,0.0,0.0,0.0,0.0,0.0,0.0,0.0,0.0
13,1999.0,3224.0,0.0,0.0,0.0,0.0,0.0,0.0,0.0,0.0
13,2000.0,2798.0,280.0,291.0,1229.0,68.0,166.0,648.0,74.0,42.0
13,2001.0,2870.0,284.0,318.0,1230.0,73.0,195.0,616.0,72.0,82.0
13,2002.0,2851.0,279.0,273.0,1276.0,73.0,186.0,615.0,78.0,71.0
13,2003.0,2903.0,334.0,231.0,1341.0,53.0,203.0,585.0,77.0,79.0
13,2004.0,2734.0,318.0,239.0,1291.0,57.0,163.0,541.0,50.0,75.0
13,2005.0,2857.0,312.0,222.0,1348.0,70.0,190.0,567.0,77.0,71.0
13,2006.0,2695.0,288.0,216.0,1220.0,69.0,198.0,567.0,53.0,84.0
13,2007.0,2727.0,347.0,206.0,1248.0,64.0,206.0,513.0,55.0,88.0
13,2008.0,2777.0,343.0,193.0,1337.0,59.0,178.0,498.0,81.0,88.0
13,2009.0,2989.0,402.0,214.0,1451.0,64.0,183.0,513.0,71.0,91.0
13,2010.0,2981.0,385.0,189.0,1399.0,70.0,228.0,563.0,71.0,76.0
13,2011.0,2910.0,382.0,166.0,1408.0,73.0,195.0,518.0,70.0,98.0
13,2012.0,2972.0,367.0,167.0,1427.0,65.0,229.0,528.0,93.0,96.0
13,2013.0,3041.0,371.0,183.0,1476.0,77.0,221.0,528.0,89.0,95.0
13,2014.0,3159.0,360.0,185.0,1574.0,72.0,208.0,559.0,76.0,125.0
13,2015.0,3269.0,358.0,179.0,1646.0,71.0,227.0,604.0,75.0,109.0
13,2016.0,2939.0,310.0,166.0,1473.0,57.0,221.0,544.0,71.0,97.0
13,2017.0,3112.0,300.0,170.0,1590.0,47.0,258.0,561.0,74.0,112.0
13,2018.0,2880.0,267.0,133.0,1543.0,45.0,197.0,507.0,91.0,97.0
13,2019.0,0.0,0.0,0.0,0.0,0.0,0.0,0.0,0.0,0.0
13,2020.0,0.0,0.0,0.0,0.0,0.0,0.0,0.0,0.0,0.0
13,2021.0,0.0,0.0,0.0,0.0,0.0,0.0,0.0,0.0,0.0
13,2022.0,0.0,0.0,0.0,0.0,0.0,0.0,0.0,0.0,0.0
13,2023.0,0.0,0.0,0.0,0.0,0.0,0.0,0.0,0.0,0.0
13,2024.0,0.0,0.0,0.0,0.0,0.0,0.0,0.0,0.0,0.0
13,2025.0,0.0,0.0,0.0,0.0,0.0,0.0,0.0,0.0,0.0
19,1980.0,0.0,0.0,0.0,0.0,0.0,0.0,0.0,0.0,0.0
19,1981.0,2563.0,0.0,0.0,0.0,0.0,0.0,0.0,0.0,0.0
19,1982.0,2717.0,0.0,0.0,0.0,0.0,0.0,0.0,0.0,0.0
19,1983.0,2883.0,0.0,0.0,0.0,0.0,0.0,0.0,0.0,0.0
19,1984.0,2656.0,0.0,0.0,0.0,0.0,0.0,0.0,0.0,0.0
19,1985.0,2561.0,0.0,0.0,0.0,0.0,0.0,0.0,0.0,0.0
19,1986.0,2843.0,0.0,0.0,0.0,0.0,0.0,0.0,0.0,0.0
19,1987.0,2786.0,0.0,0.0,0.0,0.0,0.0,0.0,0.0,0.0
19,1988.0,2731.0,0.0,0.0,0.0,0.0,0.0,0.0,0.0,0.0
19,1989.0,2693.0,0.0,0.0,0.0,0.0,0.0,0.0,0.0,0.0
19,1990.0,2672.0,0.0,0.0,0.0,0.0,0.0,0.0,0.0,0.0
19,1991.0,2873.0,0.0,0.0,0.0,0.0,0.0,0.0,0.0,0.0
19,1992.0,2921.0,0.0,0.0,0.0,0.0,0.0,0.0,0.0,0.0
19,1993.0,3012.0,0.0,0.0,0.0,0.0,0.0,0.0,0.0,0.0
19,1994.0,2968.0,0.0,0.0,0.0,0.0,0.0,0.0,0.0,0.0
19,1995.0,3153.0,0.0,0.0,0.0,0.0,0.0,0.0,0.0,0.0
19,1996.0,3092.0,0.0,0.0,0.0,0.0,0.0,0.0,0.0,0.0
19,1997.0,2912.0,0.0,0.0,0.0,0.0,0.0,0.0,0.0,0.0
19,1998.0,2924.0,0.0,0.0,0.0,0.0,0.0,0.0,0.0,0.0
19,1999.0,3224.0,0.0,0.0,0.0,0.0,0.0,0.0,0.0,0.0
19,2000.0,2798.0,280.0,291.0,1229.0,68.0,166.0,648.0,74.0,42.0
19,2001.0,2870.0,284.0,318.0,1230.0,73.0,195.0,616.0,72.0,82.0
19,2002.0,2851.0,279.0,273.0,1276.0,73.0,186.0,615.0,78.0,71.0
19,2003.0,2903.0,334.0,231.0,1341.0,53.0,203.0,585.0,77.0,79.0
19,2004.0,2734.0,318.0,239.0,1291.0,57.0,163.0,541.0,50.0,75.0
19,2005.0,2857.0,312.0,222.0,1348.0,70.0,190.0,567.0,77.0,71.0
19,2006.0,2695.0,288.0,216.0,1220.0,69.0,198.0,567.0,53.0,84.0
19,2007.0,2727.0,347.0,206.0,1248.0,64.0,206.0,513.0,55.0,88.0
19,2008.0,2777.0,343.0,193.0,1337.0,59.0,178.0,498.0,81.0,88.0
19,2009.0,2989.0,402.0,214.0,1451.0,64.0,183.0,513.0,71.0,91.0
19,2010.0,2981.0,385.0,189.0,1399.0,70.0,228.0,563.0,71.0,76.0
19,2011.0,2910.0,382.0,166.0,1408.0,73.0,195.0,518.0,70.0,98.0
19,2012.0,2972.0,367.0,167.0,1427.0,65.0,229.0,528.0,93.0,96.0
19,2013.0,3041.0,371.0,183.0,1476.0,77.0,221.0,528.0,89.0,95.0
19,2014.0,3159.0,360.0,185.0,1574.0,72.0,208.0,559.0,76.0,125.0
19,2015.0,3269.0,358.0,179.0,1646.0,71.0,227.0,604.0,75.0,109.0
19,2016.0,2939.0,310.0,166.0,1473.0,57.0,221.0,544.0,71.0,97.0
19,2017.0,3112.0,300.0,170.0,1590.0,47.0,258.0,561.0,74.0,112.0
19,2018.0,2880.0,267.0,133.0,1543.0,45.0,197.0,507.0,91.0,97.0
19,2019.0,0.0,0.0,0.0,0.0,0.0,0.0,0.0,0.0,0.0
19,2020.0,0.0,0.0,0.0,0.0,0.0,0.0,0.0,0.0,0.0
19,2021.0,0.0,0.0,0.0,0.0,0.0,0.0,0.0,0.0,0.0
19,2022.0,0.0,0.0,0.0,0.0,0.0,0.0,0.0,0.0,0.0
19,2023.0,0.0,0.0,0.0,0.0,0.0,0.0,0.0,0.0,0.0
19,2024.0,0.0,0.0,0.0,0.0,0.0,0.0,0.0,0.0,0.0
19,2025.0,0.0,0.0,0.0,0.0,0.0,0.0,0.0,0.0,0.0
14,1980.0,0.0,0.0,0.0,0.0,0.0,0.0,0.0,0.0,0.0
14,1981.0,2563.0,0.0,0.0,0.0,0.0,0.0,0.0,0.0,0.0
14,1982.0,2717.0,0.0,0.0,0.0,0.0,0.0,0.0,0.0,0.0
14,1983.0,2883.0,0.0,0.0,0.0,0.0,0.0,0.0,0.0,0.0
14,1984.0,2656.0,0.0,0.0,0.0,0.0,0.0,0.0,0.0,0.0
14,1985.0,2561.0,0.0,0.0,0.0,0.0,0.0,0.0,0.0,0.0
14,1986.0,2843.0,0.0,0.0,0.0,0.0,0.0,0.0,0.0,0.0
14,1987.0,2786.0,0.0,0.0,0.0,0.0,0.0,0.0,0.0,0.0
14,1988.0,2731.0,0.0,0.0,0.0,0.0,0.0,0.0,0.0,0.0
14,1989.0,2693.0,0.0,0.0,0.0,0.0,0.0,0.0,0.0,0.0
14,1990.0,2672.0,0.0,0.0,0.0,0.0,0.0,0.0,0.0,0.0
14,1991.0,2873.0,0.0,0.0,0.0,0.0,0.0,0.0,0.0,0.0
14,1992.0,2921.0,0.0,0.0,0.0,0.0,0.0,0.0,0.0,0.0
14,1993.0,3012.0,0.0,0.0,0.0,0.0,0.0,0.0,0.0,0.0
14,1994.0,2968.0,0.0,0.0,0.0,0.0,0.0,0.0,0.0,0.0
14,1995.0,3153.0,0.0,0.0,0.0,0.0,0.0,0.0,0.0,0.0
14,1996.0,3092.0,0.0,0.0,0.0,0.0,0.0,0.0,0.0,0.0
14,1997.0,2912.0,0.0,0.0,0.0,0.0,0.0,0.0,0.0,0.0
14,1998.0,2924.0,0.0,0.0,0.0,0.0,0.0,0.0,0.0,0.0
14,1999.0,3224.0,0.0,0.0,0.0,0.0,0.0,0.0,0.0,0.0
14,2000.0,2798.0,280.0,291.0,1229.0,68.0,166.0,648.0,74.0,42.0
14,2001.0,2870.0,284.0,318.0,1230.0,73.0,195.0,616.0,72.0,82.0
14,2002.0,2851.0,279.0,273.0,1276.0,73.0,186.0,615.0,78.0,71.0
14,2003.0,2903.0,334.0,231.0,1341.0,53.0,203.0,585.0,77.0,79.0
14,2004.0,2734.0,318.0,239.0,1291.0,57.0,163.0,541.0,50.0,75.0
14,2005.0,2857.0,312.0,222.0,1348.0,70.0,190.0,567.0,77.0,71.0
14,2006.0,2695.0,288.0,216.0,1220.0,69.0,198.0,567.0,53.0,84.0
14,2007.0,2727.0,347.0,206.0,1248.0,64.0,206.0,513.0,55.0,88.0
14,2008.0,2777.0,343.0,193.0,1337.0,59.0,178.0,498.0,81.0,88.0
14,2009.0,2989.0,402.0,214.0,1451.0,64.0,183.0,513.0,71.0,91.0
14,2010.0,2981.0,385.0,189.0,1399.0,70.0,228.0,563.0,71.0,76.0
14,2011.0,2910.0,382.0,166.0,1408.0,73.0,195.0,518.0,70.0,98.0
14,2012.0,2972.0,367.0,167.0,1427.0,65.0,229.0,528.0,93.0,96.0
14,2013.0,3041.0,371.0,183.0,1476.0,77.0,221.0,528.0,89.0,95.0
14,2014.0,3159.0,360.0,185.0,1574.0,72.0,208.0,559.0,76.0,125.0
14,2015.0,3269.0,358.0,179.0,1646.0,71.0,227.0,604.0,75.0,109.0
14,2016.0,2939.0,310.0,166.0,1473.0,57.0,221.0,544.0,71.0,97.0
14,2017.0,3112.0,300.0,170.0,1590.0,47.0,258.0,561.0,74.0,112.0
14,2018.0,2880.0,267.0,133.0,1543.0,45.0,197.0,507.0,91.0,97.0
14,2019.0,0.0,0.0,0.0,0.0,0.0,0.0,0.0,0.0,0.0
14,2020.0,0.0,0.0,0.0,0.0,0.0,0.0,0.0,0.0,0.0
14,2021.0,0.0,0.0,0.0,0.0,0.0,0.0,0.0,0.0,0.0
14,2022.0,0.0,0.0,0.0,0.0,0.0,0.0,0.0,0.0,0.0
14,2023.0,0.0,0.0,0.0,0.0,0.0,0.0,0.0,0.0,0.0
14,2024.0,0.0,0.0,0.0,0.0,0.0,0.0,0.0,0.0,0.0
14,2025.0,0.0,0.0,0.0,0.0,0.0,0.0,0.0,0.0,0.0
21,1980.0,0.0,0.0,0.0,0.0,0.0,0.0,0.0,0.0,0.0
21,1981.0,2563.0,0.0,0.0,0.0,0.0,0.0,0.0,0.0,0.0
21,1982.0,2717.0,0.0,0.0,0.0,0.0,0.0,0.0,0.0,0.0
21,1983.0,2883.0,0.0,0.0,0.0,0.0,0.0,0.0,0.0,0.0
21,1984.0,2656.0,0.0,0.0,0.0,0.0,0.0,0.0,0.0,0.0
21,1985.0,2561.0,0.0,0.0,0.0,0.0,0.0,0.0,0.0,0.0
21,1986.0,2843.0,0.0,0.0,0.0,0.0,0.0,0.0,0.0,0.0
21,1987.0,2786.0,0.0,0.0,0.0,0.0,0.0,0.0,0.0,0.0
21,1988.0,2731.0,0.0,0.0,0.0,0.0,0.0,0.0,0.0,0.0
21,1989.0,2693.0,0.0,0.0,0.0,0.0,0.0,0.0,0.0,0.0
21,1990.0,2672.0,0.0,0.0,0.0,0.0,0.0,0.0,0.0,0.0
21,1991.0,2873.0,0.0,0.0,0.0,0.0,0.0,0.0,0.0,0.0
21,1992.0,2921.0,0.0,0.0,0.0,0.0,0.0,0.0,0.0,0.0
21,1993.0,3012.0,0.0,0.0,0.0,0.0,0.0,0.0,0.0,0.0
21,1994.0,2968.0,0.0,0.0,0.0,0.0,0.0,0.0,0.0,0.0
21,1995.0,3153.0,0.0,0.0,0.0,0.0,0.0,0.0,0.0,0.0
21,1996.0,3092.0,0.0,0.0,0.0,0.0,0.0,0.0,0.0,0.0
21,1997.0,2912.0,0.0,0.0,0.0,0.0,0.0,0.0,0.0,0.0
21,1998.0,2924.0,0.0,0.0,0.0,0.0,0.0,0.0,0.0,0.0
21,1999.0,3224.0,0.0,0.0,0.0,0.0,0.0,0.0,0.0,0.0
21,2000.0,2798.0,280.0,291.0,1229.0,68.0,166.0,648.0,74.0,42.0
21,2001.0,2870.0,284.0,318.0,1230.0,73.0,195.0,616.0,72.0,82.0
21,2002.0,2851.0,279.0,273.0,1276.0,73.0,186.0,615.0,78.0,71.0
21,2003.0,2903.0,334.0,231.0,1341.0,53.0,203.0,585.0,77.0,79.0
21,2004.0,2734.0,318.0,239.0,1291.0,57.0,163.0,541.0,50.0,75.0
21,2005.0,2857.0,312.0,222.0,1348.0,70.0,190.0,567.0,77.0,71.0
21,2006.0,2695.0,288.0,216.0,1220.0,69.0,198.0,567.0,53.0,84.0
21,2007.0,2727.0,347.0,206.0,1248.0,64.0,206.0,513.0,55.0,88.0
21,2008.0,2777.0,343.0,193.0,1337.0,59.0,178.0,498.0,81.0,88.0
21,2009.0,2989.0,402.0,214.0,1451.0,64.0,183.0,513.0,71.0,91.0
21,2010.0,2981.0,385.0,189.0,1399.0,70.0,228.0,563.0,71.0,76.0
21,2011.0,2910.0,382.0,166.0,1408.0,73.0,195.0,518.0,70.0,98.0
21,2012.0,2972.0,367.0,167.0,1427.0,65.0,229.0,528.0,93.0,96.0
21,2013.0,3041.0,371.0,183.0,1476.0,77.0,221.0,528.0,89.0,95.0
21,2014.0,3159.0,360.0,185.0,1574.0,72.0,208.0,559.0,76.0,125.0
21,2015.0,3269.0,358.0,179.0,1646.0,71.0,227.0,604.0,75.0,109.0
21,2016.0,2939.0,310.0,166.0,1473.0,57.0,221.0,544.0,71.0,97.0
21,2017.0,3112.0,300.0,170.0,1590.0,47.0,258.0,561.0,74.0,112.0
21,2018.0,2880.0,267.0,133.0,1543.0,45.0,197.0,507.0,91.0,97.0
21,2019.0,0.0,0.0,0.0,0.0,0.0,0.0,0.0,0.0,0.0
21,2020.0,0.0,0.0,0.0,0.0,0.0,0.0,0.0,0.0,0.0
21,2021.0,0.0,0.0,0.0,0.0,0.0,0.0,0.0,0.0,0.0
21,2022.0,0.0,0.0,0.0,0.0,0.0,0.0,0.0,0.0,0.0
21,2023.0,0.0,0.0,0.0,0.0,0.0,0.0,0.0,0.0,0.0
21,2024.0,0.0,0.0,0.0,0.0,0.0,0.0,0.0,0.0,0.0
21,2025.0,0.0,0.0,0.0,0.0,0.0,0.0,0.0,0.0,0.0
5,1980.0,0.0,0.0,0.0,0.0,0.0,0.0,0.0,0.0,0.0
5,1981.0,2563.0,0.0,0.0,0.0,0.0,0.0,0.0,0.0,0.0
5,1982.0,2717.0,0.0,0.0,0.0,0.0,0.0,0.0,0.0,0.0
5,1983.0,2883.0,0.0,0.0,0.0,0.0,0.0,0.0,0.0,0.0
5,1984.0,2656.0,0.0,0.0,0.0,0.0,0.0,0.0,0.0,0.0
5,1985.0,2561.0,0.0,0.0,0.0,0.0,0.0,0.0,0.0,0.0
5,1986.0,2843.0,0.0,0.0,0.0,0.0,0.0,0.0,0.0,0.0
5,1987.0,2786.0,0.0,0.0,0.0,0.0,0.0,0.0,0.0,0.0
5,1988.0,2731.0,0.0,0.0,0.0,0.0,0.0,0.0,0.0,0.0
5,1989.0,2693.0,0.0,0.0,0.0,0.0,0.0,0.0,0.0,0.0
5,1990.0,2672.0,0.0,0.0,0.0,0.0,0.0,0.0,0.0,0.0
5,1991.0,2873.0,0.0,0.0,0.0,0.0,0.0,0.0,0.0,0.0
5,1992.0,2921.0,0.0,0.0,0.0,0.0,0.0,0.0,0.0,0.0
5,1993.0,3012.0,0.0,0.0,0.0,0.0,0.0,0.0,0.0,0.0
5,1994.0,2968.0,0.0,0.0,0.0,0.0,0.0,0.0,0.0,0.0
5,1995.0,3153.0,0.0,0.0,0.0,0.0,0.0,0.0,0.0,0.0
5,1996.0,3092.0,0.0,0.0,0.0,0.0,0.0,0.0,0.0,0.0
5,1997.0,2912.0,0.0,0.0,0.0,0.0,0.0,0.0,0.0,0.0
5,1998.0,2924.0,0.0,0.0,0.0,0.0,0.0,0.0,0.0,0.0
5,1999.0,3224.0,0.0,0.0,0.0,0.0,0.0,0.0,0.0,0.0
5,2000.0,2798.0,280.0,291.0,1229.0,68.0,166.0,648.0,74.0,42.0
5,2001.0,2870.0,284.0,318.0,1230.0,73.0,195.0,616.0,72.0,82.0
5,2002.0,2851.0,279.0,273.0,1276.0,73.0,186.0,615.0,78.0,71.0
5,2003.0,2903.0,334.0,231.0,1341.0,53.0,203.0,585.0,77.0,79.0
5,2004.0,2734.0,318.0,239.0,1291.0,57.0,163.0,541.0,50.0,75.0
5,2005.0,2857.0,312.0,222.0,1348.0,70.0,190.0,567.0,77.0,71.0
5,2006.0,2695.0,288.0,216.0,1220.0,69.0,198.0,567.0,53.0,84.0
5,2007.0,2727.0,347.0,206.0,1248.0,64.0,206.0,513.0,55.0,88.0
5,2008.0,2777.0,343.0,193.0,1337.0,59.0,178.0,498.0,81.0,88.0
5,2009.0,2989.0,402.0,214.0,1451.0,64.0,183.0,513.0,71.0,91.0
5,2010.0,2981.0,385.0,189.0,1399.0,70.0,228.0,563.0,71.0,76.0
5,2011.0,2910.0,382.0,166.0,1408.0,73.0,195.0,518.0,70.0,98.0
5,2012.0,2972.0,367.0,167.0,1427.0,65.0,229.0,528.0,93.0,96.0
5,2013.0,3041.0,371.0,183.0,1476.0,77.0,221.0,528.0,89.0,95.0
5,2014.0,3159.0,360.0,185.0,1574.0,72.0,208.0,559.0,76.0,125.0
5,2015.0,3269.0,358.0,179.0,1646.0,71.0,227.0,604.0,75.0,109.0
5,2016.0,2939.0,310.0,166.0,1473.0,57.0,221.0,544.0,71.0,97.0
5,2017.0,3112.0,300.0,170.0,1590.0,47.0,258.0,561.0,74.0,112.0
5,2018.0,2880.0,267.0,133.0,1543.0,45.0,197.0,507.0,91.0,97.0
5,2019.0,0.0,0.0,0.0,0.0,0.0,0.0,0.0,0.0,0.0
5,2020.0,0.0,0.0,0.0,0.0,0.0,0.0,0.0,0.0,0.0
5,2021.0,0.0,0.0,0.0,0.0,0.0,0.0,0.0,0.0,0.0
5,2022.0,0.0,0.0,0.0,0.0,0.0,0.0,0.0,0.0,0.0
5,2023.0,0.0,0.0,0.0,0.0,0.0,0.0,0.0,0.0,0.0
5,2024.0,0.0,0.0,0.0,0.0,0.0,0.0,0.0,0.0,0.0
5,2025.0,0.0,0.0,0.0,0.0,0.0,0.0,0.0,0.0,0.0
10,1980.0,0.0,0.0,0.0,0.0,0.0,0.0,0.0,0.0,0.0
10,1981.0,2563.0,0.0,0.0,0.0,0.0,0.0,0.0,0.0,0.0
10,1982.0,2717.0,0.0,0.0,0.0,0.0,0.0,0.0,0.0,0.0
10,1983.0,2883.0,0.0,0.0,0.0,0.0,0.0,0.0,0.0,0.0
10,1984.0,2656.0,0.0,0.0,0.0,0.0,0.0,0.0,0.0,0.0
10,1985.0,2561.0,0.0,0.0,0.0,0.0,0.0,0.0,0.0,0.0
10,1986.0,2843.0,0.0,0.0,0.0,0.0,0.0,0.0,0.0,0.0
10,1987.0,2786.0,0.0,0.0,0.0,0.0,0.0,0.0,0.0,0.0
10,1988.0,2731.0,0.0,0.0,0.0,0.0,0.0,0.0,0.0,0.0
10,1989.0,2693.0,0.0,0.0,0.0,0.0,0.0,0.0,0.0,0.0
10,1990.0,2672.0,0.0,0.0,0.0,0.0,0.0,0.0,0.0,0.0
10,1991.0,2873.0,0.0,0.0,0.0,0.0,0.0,0.0,0.0,0.0
10,1992.0,2921.0,0.0,0.0,0.0,0.0,0.0,0.0,0.0,0.0
10,1993.0,3012.0,0.0,0.0,0.0,0.0,0.0,0.0,0.0,0.0
10,1994.0,2968.0,0.0,0.0,0.0,0.0,0.0,0.0,0.0,0.0
10,1995.0,3153.0,0.0,0.0,0.0,0.0,0.0,0.0,0.0,0.0
10,1996.0,3092.0,0.0,0.0,0.0,0.0,0.0,0.0,0.0,0.0
10,1997.0,2912.0,0.0,0.0,0.0,0.0,0.0,0.0,0.0,0.0
10,1998.0,2924.0,0.0,0.0,0.0,0.0,0.0,0.0,0.0,0.0
10,1999.0,3224.0,0.0,0.0,0.0,0.0,0.0,0.0,0.0,0.0
10,2000.0,2798.0,280.0,291.0,1229.0,68.0,166.0,648.0,74.0,42.0
10,2001.0,2870.0,284.0,318.0,1230.0,73.0,195.0,616.0,72.0,82.0
10,2002.0,2851.0,279.0,273.0,1276.0,73.0,186.0,615.0,78.0,71.0
10,2003.0,2903.0,334.0,231.0,1341.0,53.0,203.0,585.0,77.0,79.0
10,2004.0,2734.0,318.0,239.0,1291.0,57.0,163.0,541.0,50.0,75.0
10,2005.0,2857.0,312.0,222.0,1348.0,70.0,190.0,567.0,77.0,71.0
10,2006.0,2695.0,288.0,216.0,1220.0,69.0,198.0,567.0,53.0,84.0
10,2007.0,2727.0,347.0,206.0,1248.0,64.0,206.0,513.0,55.0,88.0
10,2008.0,2777.0,343.0,193.0,1337.0,59.0,178.0,498.0,81.0,88.0
10,2009.0,2989.0,402.0,214.0,1451.0,64.0,183.0,513.0,71.0,91.0
10,2010.0,2981.0,385.0,189.0,1399.0,70.0,228.0,563.0,71.0,76.0
10,2011.0,2910.0,382.0,166.0,1408.0,73.0,195.0,518.0,70.0,98.0
10,2012.0,2972.0,367.0,167.0,1427.0,65.0,229.0,528.0,93.0,96.0
10,2013.0,3041.0,371.0,183.0,1476.0,77.0,221.0,528.0,89.0,95.0
10,2014.0,3159.0,360.0,185.0,1574.0,72.0,208.0,559.0,76.0,125.0
10,2015.0,3269.0,358.0,179.0,1646.0,71.0,227.0,604.0,75.0,109.0
10,2016.0,2939.0,310.0,166.0,1473.0,57.0,221.0,544.0,71.0,97.0
10,2017.0,3112.0,300.0,170.0,1590.0,47.0,258.0,561.0,74.0,112.0
10,2018.0,2880.0,267.0,133.0,1543.0,45.0,197.0,507.0,91.0,97.0
10,2019.0,0.0,0.0,0.0,0.0,0.0,0.0,0.0,0.0,0.0
10,2020.0,0.0,0.0,0.0,0.0,0.0,0.0,0.0,0.0,0.0
10,2021.0,0.0,0.0,0.0,0.0,0.0,0.0,0.0,0.0,0.0
10,2022.0,0.0,0.0,0.0,0.0,0.0,0.0,0.0,0.0,0.0
10,2023.0,0.0,0.0,0.0,0.0,0.0,0.0,0.0,0.0,0.0
10,2024.0,0.0,0.0,0.0,0.0,0.0,0.0,0.0,0.0,0.0
10,2025.0,0.0,0.0,0.0,0.0,0.0,0.0,0.0,0.0,0.0
12,1980.0,0.0,0.0,0.0,0.0,0.0,0.0,0.0,0.0,0.0
12,1981.0,2563.0,0.0,0.0,0.0,0.0,0.0,0.0,0.0,0.0
12,1982.0,2717.0,0.0,0.0,0.0,0.0,0.0,0.0,0.0,0.0
12,1983.0,2883.0,0.0,0.0,0.0,0.0,0.0,0.0,0.0,0.0
12,1984.0,2656.0,0.0,0.0,0.0,0.0,0.0,0.0,0.0,0.0
12,1985.0,2561.0,0.0,0.0,0.0,0.0,0.0,0.0,0.0,0.0
12,1986.0,2843.0,0.0,0.0,0.0,0.0,0.0,0.0,0.0,0.0
12,1987.0,2786.0,0.0,0.0,0.0,0.0,0.0,0.0,0.0,0.0
12,1988.0,2731.0,0.0,0.0,0.0,0.0,0.0,0.0,0.0,0.0
12,1989.0,2693.0,0.0,0.0,0.0,0.0,0.0,0.0,0.0,0.0
12,1990.0,2672.0,0.0,0.0,0.0,0.0,0.0,0.0,0.0,0.0
12,1991.0,2873.0,0.0,0.0,0.0,0.0,0.0,0.0,0.0,0.0
12,1992.0,2921.0,0.0,0.0,0.0,0.0,0.0,0.0,0.0,0.0
12,1993.0,3012.0,0.0,0.0,0.0,0.0,0.0,0.0,0.0,0.0
12,1994.0,2968.0,0.0,0.0,0.0,0.0,0.0,0.0,0.0,0.0
12,1995.0,3153.0,0.0,0.0,0.0,0.0,0.0,0.0,0.0,0.0
12,1996.0,3092.0,0.0,0.0,0.0,0.0,0.0,0.0,0.0,0.0
12,1997.0,2912.0,0.0,0.0,0.0,0.0,0.0,0.0,0.0,0.0
12,1998.0,2924.0,0.0,0.0,0.0,0.0,0.0,0.0,0.0,0.0
12,1999.0,3224.0,0.0,0.0,0.0,0.0,0.0,0.0,0.0,0.0
12,2000.0,2798.0,280.0,291.0,1229.0,68.0,166.0,648.0,74.0,42.0
12,2001.0,2870.0,284.0,318.0,1230.0,73.0,195.0,616.0,72.0,82.0
12,2002.0,2851.0,279.0,273.0,1276.0,73.0,186.0,615.0,78.0,71.0
12,2003.0,2903.0,334.0,231.0,1341.0,53.0,203.0,585.0,77.0,79.0
12,2004.0,2734.0,318.0,239.0,1291.0,57.0,163.0,541.0,50.0,75.0
12,2005.0,2857.0,312.0,222.0,1348.0,70.0,190.0,567.0,77.0,71.0
12,2006.0,2695.0,288.0,216.0,1220.0,69.0,198.0,567.0,53.0,84.0
12,2007.0,2727.0,347.0,206.0,1248.0,64.0,206.0,513.0,55.0,88.0
12,2008.0,2777.0,343.0,193.0,1337.0,59.0,178.0,498.0,81.0,88.0
12,2009.0,2989.0,402.0,214.0,1451.0,64.0,183.0,513.0,71.0,91.0
12,2010.0,2981.0,385.0,189.0,1399.0,70.0,228.0,563.0,71.0,76.0
12,2011.0,2910.0,382.0,166.0,1408.0,73.0,195.0,518.0,70.0,98.0
12,2012.0,2972.0,367.0,167.0,1427.0,65.0,229.0,528.0,93.0,96.0
12,2013.0,3041.0,371.0,183.0,1476.0,77.0,221.0,528.0,89.0,95.0
12,2014.0,3159.0,360.0,185.0,1574.0,72.0,208.0,559.0,76.0,125.0
12,2015.0,3269.0,358.0,179.0,1646.0,71.0,227.0,604.0,75.0,109.0
12,2016.0,2939.0,310.0,166.0,1473.0,57.0,221.0,544.0,71.0,97.0
12,2017.0,3112.0,300.0,170.0,1590.0,47.0,258.0,561.0,74.0,112.0
12,2018.0,2880.0,267.0,133.0,1543.0,45.0,197.0,507.0,91.0,97.0
12,2019.0,0.0,0.0,0.0,0.0,0.0,0.0,0.0,0.0,0.0
12,2020.0,0.0,0.0,0.0,0.0,0.0,0.0,0.0,0.0,0.0
12,2021.0,0.0,0.0,0.0,0.0,0.0,0.0,0.0,0.0,0.0
12,2022.0,0.0,0.0,0.0,0.0,0.0,0.0,0.0,0.0,0.0
12,2023.0,0.0,0.0,0.0,0.0,0.0,0.0,0.0,0.0,0.0
12,2024.0,0.0,0.0,0.0,0.0,0.0,0.0,0.0,0.0,0.0
12,2025.0,0.0,0.0,0.0,0.0,0.0,0.0,0.0,0.0,0.0
4,1980.0,0.0,0.0,0.0,0.0,0.0,0.0,0.0,0.0,0.0
4,1981.0,2563.0,0.0,0.0,0.0,0.0,0.0,0.0,0.0,0.0
4,1982.0,2717.0,0.0,0.0,0.0,0.0,0.0,0.0,0.0,0.0
4,1983.0,2883.0,0.0,0.0,0.0,0.0,0.0,0.0,0.0,0.0
4,1984.0,2656.0,0.0,0.0,0.0,0.0,0.0,0.0,0.0,0.0
4,1985.0,2561.0,0.0,0.0,0.0,0.0,0.0,0.0,0.0,0.0
4,1986.0,2843.0,0.0,0.0,0.0,0.0,0.0,0.0,0.0,0.0
4,1987.0,2786.0,0.0,0.0,0.0,0.0,0.0,0.0,0.0,0.0
4,1988.0,2731.0,0.0,0.0,0.0,0.0,0.0,0.0,0.0,0.0
4,1989.0,2693.0,0.0,0.0,0.0,0.0,0.0,0.0,0.0,0.0
4,1990.0,2672.0,0.0,0.0,0.0,0.0,0.0,0.0,0.0,0.0
4,1991.0,2873.0,0.0,0.0,0.0,0.0,0.0,0.0,0.0,0.0
4,1992.0,2921.0,0.0,0.0,0.0,0.0,0.0,0.0,0.0,0.0
4,1993.0,3012.0,0.0,0.0,0.0,0.0,0.0,0.0,0.0,0.0
4,1994.0,2968.0,0.0,0.0,0.0,0.0,0.0,0.0,0.0,0.0
4,1995.0,3153.0,0.0,0.0,0.0,0.0,0.0,0.0,0.0,0.0
4,1996.0,3092.0,0.0,0.0,0.0,0.0,0.0,0.0,0.0,0.0
4,1997.0,2912.0,0.0,0.0,0.0,0.0,0.0,0.0,0.0,0.0
4,1998.0,2924.0,0.0,0.0,0.0,0.0,0.0,0.0,0.0,0.0
4,1999.0,3224.0,0.0,0.0,0.0,0.0,0.0,0.0,0.0,0.0
4,2000.0,2798.0,280.0,291.0,1229.0,68.0,166.0,648.0,74.0,42.0
4,2001.0,2870.0,284.0,318.0,1230.0,73.0,195.0,616.0,72.0,82.0
4,2002.0,2851.0,279.0,273.0,1276.0,73.0,186.0,615.0,78.0,71.0
4,2003.0,2903.0,334.0,231.0,1341.0,53.0,203.0,585.0,77.0,79.0
4,2004.0,2734.0,318.0,239.0,1291.0,57.0,163.0,541.0,50.0,75.0
4,2005.0,2857.0,312.0,222.0,1348.0,70.0,190.0,567.0,77.0,71.0
4,2006.0,2695.0,288.0,216.0,1220.0,69.0,198.0,567.0,53.0,84.0
4,2007.0,2727.0,347.0,206.0,1248.0,64.0,206.0,513.0,55.0,88.0
4,2008.0,2777.0,343.0,193.0,1337.0,59.0,178.0,498.0,81.0,88.0
4,2009.0,2989.0,402.0,214.0,1451.0,64.0,183.0,513.0,71.0,91.0
4,2010.0,2981.0,385.0,189.0,1399.0,70.0,228.0,563.0,71.0,76.0
4,2011.0,2910.0,382.0,166.0,1408.0,73.0,195.0,518.0,70.0,98.0
4,2012.0,2972.0,367.0,167.0,1427.0,65.0,229.0,528.0,93.0,96.0
4,2013.0,3041.0,371.0,183.0,1476.0,77.0,221.0,528.0,89.0,95.0
4,2014.0,3159.0,360.0,185.0,1574.0,72.0,208.0,559.0,76.0,125.0
4,2015.0,3269.0,358.0,179.0,1646.0,71.0,227.0,604.0,75.0,109.0
4,2016.0,2939.0,310.0,166.0,1473.0,57.0,221.0,544.0,71.0,97.0
4,2017.0,3112.0,300.0,170.0,1590.0,47.0,258.0,561.0,74.0,112.0
4,2018.0,2880.0,267.0,133.0,1543.0,45.0,197.0,507.0,91.0,97.0
4,2019.0,0.0,0.0,0.0,0.0,0.0,0.0,0.0,0.0,0.0
4,2020.0,0.0,0.0,0.0,0.0,0.0,0.0,0.0,0.0,0.0
4,2021.0,0.0,0.0,0.0,0.0,0.0,0.0,0.0,0.0,0.0
4,2022.0,0.0,0.0,0.0,0.0,0.0,0.0,0.0,0.0,0.0
4,2023.0,0.0,0.0,0.0,0.0,0.0,0.0,0.0,0.0,0.0
4,2024.0,0.0,0.0,0.0,0.0,0.0,0.0,0.0,0.0,0.0
4,2025.0,0.0,0.0,0.0,0.0,0.0,0.0,0.0,0.0,0.0
11,1980.0,0.0,0.0,0.0,0.0,0.0,0.0,0.0,0.0,0.0
11,1981.0,2563.0,0.0,0.0,0.0,0.0,0.0,0.0,0.0,0.0
11,1982.0,2717.0,0.0,0.0,0.0,0.0,0.0,0.0,0.0,0.0
11,1983.0,2883.0,0.0,0.0,0.0,0.0,0.0,0.0,0.0,0.0
11,1984.0,2656.0,0.0,0.0,0.0,0.0,0.0,0.0,0.0,0.0
11,1985.0,2561.0,0.0,0.0,0.0,0.0,0.0,0.0,0.0,0.0
11,1986.0,2843.0,0.0,0.0,0.0,0.0,0.0,0.0,0.0,0.0
11,1987.0,2786.0,0.0,0.0,0.0,0.0,0.0,0.0,0.0,0.0
11,1988.0,2731.0,0.0,0.0,0.0,0.0,0.0,0.0,0.0,0.0
11,1989.0,2693.0,0.0,0.0,0.0,0.0,0.0,0.0,0.0,0.0
11,1990.0,2672.0,0.0,0.0,0.0,0.0,0.0,0.0,0.0,0.0
11,1991.0,2873.0,0.0,0.0,0.0,0.0,0.0,0.0,0.0,0.0
11,1992.0,2921.0,0.0,0.0,0.0,0.0,0.0,0.0,0.0,0.0
11,1993.0,3012.0,0.0,0.0,0.0,0.0,0.0,0.0,0.0,0.0
11,1994.0,2968.0,0.0,0.0,0.0,0.0,0.0,0.0,0.0,0.0
11,1995.0,3153.0,0.0,0.0,0.0,0.0,0.0,0.0,0.0,0.0
11,1996.0,3092.0,0.0,0.0,0.0,0.0,0.0,0.0,0.0,0.0
11,1997.0,2912.0,0.0,0.0,0.0,0.0,0.0,0.0,0.0,0.0
11,1998.0,2924.0,0.0,0.0,0.0,0.0,0.0,0.0,0.0,0.0
11,1999.0,3224.0,0.0,0.0,0.0,0.0,0.0,0.0,0.0,0.0
11,2000.0,2798.0,280.0,291.0,1229.0,68.0,166.0,648.0,74.0,42.0
11,2001.0,2870.0,284.0,318.0,1230.0,73.0,195.0,616.0,72.0,82.0
11,2002.0,2851.0,279.0,273.0,1276.0,73.0,186.0,615.0,78.0,71.0
11,2003.0,2903.0,334.0,231.0,1341.0,53.0,203.0,585.0,77.0,79.0
11,2004.0,2734.0,318.0,239.0,1291.0,57.0,163.0,541.0,50.0,75.0
11,2005.0,2857.0,312.0,222.0,1348.0,70.0,190.0,567.0,77.0,71.0
11,2006.0,2695.0,288.0,216.0,1220.0,69.0,198.0,567.0,53.0,84.0
11,2007.0,2727.0,347.0,206.0,1248.0,64.0,206.0,513.0,55.0,88.0
11,2008.0,2777.0,343.0,193.0,1337.0,59.0,178.0,498.0,81.0,88.0
11,2009.0,2989.0,402.0,214.0,1451.0,64.0,183.0,513.0,71.0,91.0
11,2010.0,2981.0,385.0,189.0,1399.0,70.0,228.0,563.0,71.0,76.0
11,2011.0,2910.0,382.0,166.0,1408.0,73.0,195.0,518.0,70.0,98.0
11,2012.0,2972.0,367.0,167.0,1427.0,65.0,229.0,528.0,93.0,96.0
11,2013.0,3041.0,371.0,183.0,1476.0,77.0,221.0,528.0,89.0,95.0
11,2014.0,3159.0,360.0,185.0,1574.0,72.0,208.0,559.0,76.0,125.0
11,2015.0,3269.0,358.0,179.0,1646.0,71.0,227.0,604.0,75.0,109.0
11,2016.0,2939.0,310.0,166.0,1473.0,57.0,221.0,544.0,71.0,97.0
11,2017.0,3112.0,300.0,170.0,1590.0,47.0,258.0,561.0,74.0,112.0
11,2018.0,2880.0,267.0,133.0,1543.0,45.0,197.0,507.0,91.0,97.0
11,2019.0,0.0,0.0,0.0,0.0,0.0,0.0,0.0,0.0,0.0
11,2020.0,0.0,0.0,0.0,0.0,0.0,0.0,0.0,0.0,0.0
11,2021.0,0.0,0.0,0.0,0.0,0.0,0.0,0.0,0.0,0.0
11,2022.0,0.0,0.0,0.0,0.0,0.0,0.0,0.0,0.0,0.0
11,2023.0,0.0,0.0,0.0,0.0,0.0,0.0,0.0,0.0,0.0
11,2024.0,0.0,0.0,0.0,0.0,0.0,0.0,0.0,0.0,0.0
11,2025.0,0.0,0.0,0.0,0.0,0.0,0.0,0.0,0.0,0.0
6,1980.0,0.0,0.0,0.0,0.0,0.0,0.0,0.0,0.0,0.0
6,1981.0,2563.0,0.0,0.0,0.0,0.0,0.0,0.0,0.0,0.0
6,1982.0,2717.0,0.0,0.0,0.0,0.0,0.0,0.0,0.0,0.0
6,1983.0,2883.0,0.0,0.0,0.0,0.0,0.0,0.0,0.0,0.0
6,1984.0,2656.0,0.0,0.0,0.0,0.0,0.0,0.0,0.0,0.0
6,1985.0,2561.0,0.0,0.0,0.0,0.0,0.0,0.0,0.0,0.0
6,1986.0,2843.0,0.0,0.0,0.0,0.0,0.0,0.0,0.0,0.0
6,1987.0,2786.0,0.0,0.0,0.0,0.0,0.0,0.0,0.0,0.0
6,1988.0,2731.0,0.0,0.0,0.0,0.0,0.0,0.0,0.0,0.0
6,1989.0,2693.0,0.0,0.0,0.0,0.0,0.0,0.0,0.0,0.0
6,1990.0,2672.0,0.0,0.0,0.0,0.0,0.0,0.0,0.0,0.0
6,1991.0,2873.0,0.0,0.0,0.0,0.0,0.0,0.0,0.0,0.0
6,1992.0,2921.0,0.0,0.0,0.0,0.0,0.0,0.0,0.0,0.0
6,1993.0,3012.0,0.0,0.0,0.0,0.0,0.0,0.0,0.0,0.0
6,1994.0,2968.0,0.0,0.0,0.0,0.0,0.0,0.0,0.0,0.0
6,1995.0,3153.0,0.0,0.0,0.0,0.0,0.0,0.0,0.0,0.0
6,1996.0,3092.0,0.0,0.0,0.0,0.0,0.0,0.0,0.0,0.0
6,1997.0,2912.0,0.0,0.0,0.0,0.0,0.0,0.0,0.0,0.0
6,1998.0,2924.0,0.0,0.0,0.0,0.0,0.0,0.0,0.0,0.0
6,1999.0,3224.0,0.0,0.0,0.0,0.0,0.0,0.0,0.0,0.0
6,2000.0,2798.0,280.0,291.0,1229.0,68.0,166.0,648.0,74.0,42.0
6,2001.0,2870.0,284.0,318.0,1230.0,73.0,195.0,616.0,72.0,82.0
6,2002.0,2851.0,279.0,273.0,1276.0,73.0,186.0,615.0,78.0,71.0
6,2003.0,2903.0,334.0,231.0,1341.0,53.0,203.0,585.0,77.0,79.0
6,2004.0,2734.0,318.0,239.0,1291.0,57.0,163.0,541.0,50.0,75.0
6,2005.0,2857.0,312.0,222.0,1348.0,70.0,190.0,567.0,77.0,71.0
6,2006.0,2695.0,288.0,216.0,1220.0,69.0,198.0,567.0,53.0,84.0
6,2007.0,2727.0,347.0,206.0,1248.0,64.0,206.0,513.0,55.0,88.0
6,2008.0,2777.0,343.0,193.0,1337.0,59.0,178.0,498.0,81.0,88.0
6,2009.0,2989.0,402.0,214.0,1451.0,64.0,183.0,513.0,71.0,91.0
6,2010.0,2981.0,385.0,189.0,1399.0,70.0,228.0,563.0,71.0,76.0
6,2011.0,2910.0,382.0,166.0,1408.0,73.0,195.0,518.0,70.0,98.0
6,2012.0,2972.0,367.0,167.0,1427.0,65.0,229.0,528.0,93.0,96.0
6,2013.0,3041.0,371.0,183.0,1476.0,77.0,221.0,528.0,89.0,95.0
6,2014.0,3159.0,360.0,185.0,1574.0,72.0,208.0,559.0,76.0,125.0
6,2015.0,3269.0,358.0,179.0,1646.0,71.0,227.0,604.0,75.0,109.0
6,2016.0,2939.0,310.0,166.0,1473.0,57.0,221.0,544.0,71.0,97.0
6,2017.0,3112.0,300.0,170.0,1590.0,47.0,258.0,561.0,74.0,112.0
6,2018.0,2880.0,267.0,133.0,1543.0,45.0,197.0,507.0,91.0,97.0
6,2019.0,0.0,0.0,0.0,0.0,0.0,0.0,0.0,0.0,0.0
6,2020.0,0.0,0.0,0.0,0.0,0.0,0.0,0.0,0.0,0.0
6,2021.0,0.0,0.0,0.0,0.0,0.0,0.0,0.0,0.0,0.0
6,2022.0,0.0,0.0,0.0,0.0,0.0,0.0,0.0,0.0,0.0
6,2023.0,0.0,0.0,0.0,0.0,0.0,0.0,0.0,0.0,0.0
6,2024.0,0.0,0.0,0.0,0.0,0.0,0.0,0.0,0.0,0.0
6,2025.0,0.0,0.0,0.0,0.0,0.0,0.0,0.0,0.0,0.0
9,1980.0,0.0,0.0,0.0,0.0,0.0,0.0,0.0,0.0,0.0
9,1981.0,2563.0,0.0,0.0,0.0,0.0,0.0,0.0,0.0,0.0
9,1982.0,2717.0,0.0,0.0,0.0,0.0,0.0,0.0,0.0,0.0
9,1983.0,2883.0,0.0,0.0,0.0,0.0,0.0,0.0,0.0,0.0
9,1984.0,2656.0,0.0,0.0,0.0,0.0,0.0,0.0,0.0,0.0
9,1985.0,2561.0,0.0,0.0,0.0,0.0,0.0,0.0,0.0,0.0
9,1986.0,2843.0,0.0,0.0,0.0,0.0,0.0,0.0,0.0,0.0
9,1987.0,2786.0,0.0,0.0,0.0,0.0,0.0,0.0,0.0,0.0
9,1988.0,2731.0,0.0,0.0,0.0,0.0,0.0,0.0,0.0,0.0
9,1989.0,2693.0,0.0,0.0,0.0,0.0,0.0,0.0,0.0,0.0
9,1990.0,2672.0,0.0,0.0,0.0,0.0,0.0,0.0,0.0,0.0
9,1991.0,2873.0,0.0,0.0,0.0,0.0,0.0,0.0,0.0,0.0
9,1992.0,2921.0,0.0,0.0,0.0,0.0,0.0,0.0,0.0,0.0
9,1993.0,3012.0,0.0,0.0,0.0,0.0,0.0,0.0,0.0,0.0
9,1994.0,2968.0,0.0,0.0,0.0,0.0,0.0,0.0,0.0,0.0
9,1995.0,3153.0,0.0,0.0,0.0,0.0,0.0,0.0,0.0,0.0
9,1996.0,3092.0,0.0,0.0,0.0,0.0,0.0,0.0,0.0,0.0
9,1997.0,2912.0,0.0,0.0,0.0,0.0,0.0,0.0,0.0,0.0
9,1998.0,2924.0,0.0,0.0,0.0,0.0,0.0,0.0,0.0,0.0
9,1999.0,3224.0,0.0,0.0,0.0,0.0,0.0,0.0,0.0,0.0
9,2000.0,2798.0,280.0,291.0,1229.0,68.0,166.0,648.0,74.0,42.0
9,2001.0,2870.0,284.0,318.0,1230.0,73.0,195.0,616.0,72.0,82.0
9,2002.0,2851.0,279.0,273.0,1276.0,73.0,186.0,615.0,78.0,71.0
9,2003.0,2903.0,334.0,231.0,1341.0,53.0,203.0,585.0,77.0,79.0
9,2004.0,2734.0,318.0,239.0,1291.0,57.0,163.0,541.0,50.0,75.0
9,2005.0,2857.0,312.0,222.0,1348.0,70.0,190.0,567.0,77.0,71.0
9,2006.0,2695.0,288.0,216.0,1220.0,69.0,198.0,567.0,53.0,84.0
9,2007.0,2727.0,347.0,206.0,1248.0,64.0,206.0,513.0,55.0,88.0
9,2008.0,2777.0,343.0,193.0,1337.0,59.0,178.0,498.0,81.0,88.0
9,2009.0,2989.0,402.0,214.0,1451.0,64.0,183.0,513.0,71.0,91.0
9,2010.0,2981.0,385.0,189.0,1399.0,70.0,228.0,563.0,71.0,76.0
9,2011.0,2910.0,382.0,166.0,1408.0,73.0,195.0,518.0,70.0,98.0
9,2012.0,2972.0,367.0,167.0,1427.0,65.0,229.0,528.0,93.0,96.0
9,2013.0,3041.0,371.0,183.0,1476.0,77.0,221.0,528.0,89.0,95.0
9,2014.0,3159.0,360.0,185.0,1574.0,72.0,208.0,559.0,76.0,125.0
9,2015.0,3269.0,358.0,179.0,1646.0,71.0,227.0,604.0,75.0,109.0
9,2016.0,2939.0,310.0,166.0,1473.0,57.0,221.0,544.0,71.0,97.0
9,2017.0,3112.0,300.0,170.0,1590.0,47.0,258.0,561.0,74.0,112.0
9,2018.0,2880.0,267.0,133.0,1543.0,45.0,197.0,507.0,91.0,97.0
9,2019.0,0.0,0.0,0.0,0.0,0.0,0.0,0.0,0.0,0.0
9,2020.0,0.0,0.0,0.0,0.0,0.0,0.0,0.0,0.0,0.0
9,2021.0,0.0,0.0,0.0,0.0,0.0,0.0,0.0,0.0,0.0
9,2022.0,0.0,0.0,0.0,0.0,0.0,0.0,0.0,0.0,0.0
9,2023.0,0.0,0.0,0.0,0.0,0.0,0.0,0.0,0.0,0.0
9,2024.0,0.0,0.0,0.0,0.0,0.0,0.0,0.0,0.0,0.0
9,2025.0,0.0,0.0,0.0,0.0,0.0,0.0,0.0,0.0,0.0
26,1980.0,0.0,0.0,0.0,0.0,0.0,0.0,0.0,0.0,0.0
26,1981.0,2563.0,0.0,0.0,0.0,0.0,0.0,0.0,0.0,0.0
26,1982.0,2717.0,0.0,0.0,0.0,0.0,0.0,0.0,0.0,0.0
26,1983.0,2883.0,0.0,0.0,0.0,0.0,0.0,0.0,0.0,0.0
26,1984.0,2656.0,0.0,0.0,0.0,0.0,0.0,0.0,0.0,0.0
26,1985.0,2561.0,0.0,0.0,0.0,0.0,0.0,0.0,0.0,0.0
26,1986.0,2843.0,0.0,0.0,0.0,0.0,0.0,0.0,0.0,0.0
26,1987.0,2786.0,0.0,0.0,0.0,0.0,0.0,0.0,0.0,0.0
26,1988.0,2731.0,0.0,0.0,0.0,0.0,0.0,0.0,0.0,0.0
26,1989.0,2693.0,0.0,0.0,0.0,0.0,0.0,0.0,0.0,0.0
26,1990.0,2672.0,0.0,0.0,0.0,0.0,0.0,0.0,0.0,0.0
26,1991.0,2873.0,0.0,0.0,0.0,0.0,0.0,0.0,0.0,0.0
26,1992.0,2921.0,0.0,0.0,0.0,0.0,0.0,0.0,0.0,0.0
26,1993.0,3012.0,0.0,0.0,0.0,0.0,0.0,0.0,0.0,0.0
26,1994.0,2968.0,0.0,0.0,0.0,0.0,0.0,0.0,0.0,0.0
26,1995.0,3153.0,0.0,0.0,0.0,0.0,0.0,0.0,0.0,0.0
26,1996.0,3092.0,0.0,0.0,0.0,0.0,0.0,0.0,0.0,0.0
26,1997.0,2912.0,0.0,0.0,0.0,0.0,0.0,0.0,0.0,0.0
26,1998.0,2924.0,0.0,0.0,0.0,0.0,0.0,0.0,0.0,0.0
26,1999.0,3224.0,0.0,0.0,0.0,0.0,0.0,0.0,0.0,0.0
26,2000.0,2798.0,280.0,291.0,1229.0,68.0,166.0,648.0,74.0,42.0
26,2001.0,2870.0,284.0,318.0,1230.0,73.0,195.0,616.0,72.0,82.0
26,2002.0,2851.0,279.0,273.0,1276.0,73.0,186.0,615.0,78.0,71.0
26,2003.0,2903.0,334.0,231.0,1341.0,53.0,203.0,585.0,77.0,79.0
26,2004.0,2734.0,318.0,239.0,1291.0,57.0,163.0,541.0,50.0,75.0
26,2005.0,2857.0,312.0,222.0,1348.0,70.0,190.0,567.0,77.0,71.0
26,2006.0,2695.0,288.0,216.0,1220.0,69.0,198.0,567.0,53.0,84.0
26,2007.0,2727.0,347.0,206.0,1248.0,64.0,206.0,513.0,55.0,88.0
26,2008.0,2777.0,343.0,193.0,1337.0,59.0,178.0,498.0,81.0,88.0
26,2009.0,2989.0,402.0,214.0,1451.0,64.0,183.0,513.0,71.0,91.0
26,2010.0,2981.0,385.0,189.0,1399.0,70.0,228.0,563.0,71.0,76.0
26,2011.0,2910.0,382.0,166.0,1408.0,73.0,195.0,518.0,70.0,98.0
26,2012.0,2972.0,367.0,167.0,1427.0,65.0,229.0,528.0,93.0,96.0
26,2013.0,3041.0,371.0,183.0,1476.0,77.0,221.0,528.0,89.0,95.0
26,2014.0,3159.0,360.0,185.0,1574.0,72.0,208.0,559.0,76.0,125.0
26,2015.0,3269.0,358.0,179.0,1646.0,71.0,227.0,604.0,75.0,109.0
26,2016.0,2939.0,310.0,166.0,1473.0,57.0,221.0,544.0,71.0,97.0
26,2017.0,3112.0,300.0,170.0,1590.0,47.0,258.0,561.0,74.0,112.0
26,2018.0,2880.0,267.0,133.0,1543.0,45.0,197.0,507.0,91.0,97.0
26,2019.0,0.0,0.0,0.0,0.0,0.0,0.0,0.0,0.0,0.0
26,2020.0,0.0,0.0,0.0,0.0,0.0,0.0,0.0,0.0,0.0
26,2021.0,0.0,0.0,0.0,0.0,0.0,0.0,0.0,0.0,0.0
26,2022.0,0.0,0.0,0.0,0.0,0.0,0.0,0.0,0.0,0.0
26,2023.0,0.0,0.0,0.0,0.0,0.0,0.0,0.0,0.0,0.0
26,2024.0,0.0,0.0,0.0,0.0,0.0,0.0,0.0,0.0,0.0
26,2025.0,0.0,0.0,0.0,0.0,0.0,0.0,0.0,0.0,0.0
28,1980.0,0.0,0.0,0.0,0.0,0.0,0.0,0.0,0.0,0.0
28,1981.0,2563.0,0.0,0.0,0.0,0.0,0.0,0.0,0.0,0.0
28,1982.0,2717.0,0.0,0.0,0.0,0.0,0.0,0.0,0.0,0.0
28,1983.0,2883.0,0.0,0.0,0.0,0.0,0.0,0.0,0.0,0.0
28,1984.0,2656.0,0.0,0.0,0.0,0.0,0.0,0.0,0.0,0.0
28,1985.0,2561.0,0.0,0.0,0.0,0.0,0.0,0.0,0.0,0.0
28,1986.0,2843.0,0.0,0.0,0.0,0.0,0.0,0.0,0.0,0.0
28,1987.0,2786.0,0.0,0.0,0.0,0.0,0.0,0.0,0.0,0.0
28,1988.0,2731.0,0.0,0.0,0.0,0.0,0.0,0.0,0.0,0.0
28,1989.0,2693.0,0.0,0.0,0.0,0.0,0.0,0.0,0.0,0.0
28,1990.0,2672.0,0.0,0.0,0.0,0.0,0.0,0.0,0.0,0.0
28,1991.0,2873.0,0.0,0.0,0.0,0.0,0.0,0.0,0.0,0.0
28,1992.0,2921.0,0.0,0.0,0.0,0.0,0.0,0.0,0.0,0.0
28,1993.0,3012.0,0.0,0.0,0.0,0.0,0.0,0.0,0.0,0.0
28,1994.0,2968.0,0.0,0.0,0.0,0.0,0.0,0.0,0.0,0.0
28,1995.0,3153.0,0.0,0.0,0.0,0.0,0.0,0.0,0.0,0.0
28,1996.0,3092.0,0.0,0.0,0.0,0.0,0.0,0.0,0.0,0.0
28,1997.0,2912.0,0.0,0.0,0.0,0.0,0.0,0.0,0.0,0.0
28,1998.0,2924.0,0.0,0.0,0.0,0.0,0.0,0.0,0.0,0.0
28,1999.0,3224.0,0.0,0.0,0.0,0.0,0.0,0.0,0.0,0.0
28,2000.0,2798.0,280.0,291.0,1229.0,68.0,166.0,648.0,74.0,42.0
28,2001.0,2870.0,284.0,318.0,1230.0,73.0,195.0,616.0,72.0,82.0
28,2002.0,2851.0,279.0,273.0,1276.0,73.0,186.0,615.0,78.0,71.0
28,2003.0,2903.0,334.0,231.0,1341.0,53.0,203.0,585.0,77.0,79.0
28,2004.0,2734.0,318.0,239.0,1291.0,57.0,163.0,541.0,50.0,75.0
28,2005.0,2857.0,312.0,222.0,1348.0,70.0,190.0,567.0,77.0,71.0
28,2006.0,2695.0,288.0,216.0,1220.0,69.0,198.0,567.0,53.0,84.0
28,2007.0,2727.0,347.0,206.0,1248.0,64.0,206.0,513.0,55.0,88.0
28,2008.0,2777.0,343.0,193.0,1337.0,59.0,178.0,498.0,81.0,88.0
28,2009.0,2989.0,402.0,214.0,1451.0,64.0,183.0,513.0,71.0,91.0
28,2010.0,2981.0,385.0,189.0,1399.0,70.0,228.0,563.0,71.0,76.0
28,2011.0,2910.0,382.0,166.0,1408.0,73.0,195.0,518.0,70.0,98.0
28,2012.0,2972.0,367.0,167.0,1427.0,65.0,229.0,528.0,93.0,96.0
28,2013.0,3041.0,371.0,183.0,1476.0,77.0,221.0,528.0,89.0,95.0
28,2014.0,3159.0,360.0,185.0,1574.0,72.0,208.0,559.0,76.0,125.0
28,2015.0,3269.0,358.0,179.0,1646.0,71.0,227.0,604.0,75.0,109.0
28,2016.0,2939.0,310.0,166.0,1473.0,57.0,221.0,544.0,71.0,97.0
28,2017.0,3112.0,300.0,170.0,1590.0,47.0,258.0,561.0,74.0,112.0
28,2018.0,2880.0,267.0,133.0,1543.0,45.0,197.0,507.0,91.0,97.0
28,2019.0,0.0,0.0,0.0,0.0,0.0,0.0,0.0,0.0,0.0
28,2020.0,0.0,0.0,0.0,0.0,0.0,0.0,0.0,0.0,0.0
28,2021.0,0.0,0.0,0.0,0.0,0.0,0.0,0.0,0.0,0.0
28,2022.0,0.0,0.0,0.0,0.0,0.0,0.0,0.0,0.0,0.0
28,2023.0,0.0,0.0,0.0,0.0,0.0,0.0,0.0,0.0,0.0
28,2024.0,0.0,0.0,0.0,0.0,0.0,0.0,0.0,0.0,0.0
28,2025.0,0.0,0.0,0.0,0.0,0.0,0.0,0.0,0.0,0.0
17,1980.0,0.0,0.0,0.0,0.0,0.0,0.0,0.0,0.0,0.0
17,1981.0,2563.0,0.0,0.0,0.0,0.0,0.0,0.0,0.0,0.0
17,1982.0,2717.0,0.0,0.0,0.0,0.0,0.0,0.0,0.0,0.0
17,1983.0,2883.0,0.0,0.0,0.0,0.0,0.0,0.0,0.0,0.0
17,1984.0,2656.0,0.0,0.0,0.0,0.0,0.0,0.0,0.0,0.0
17,1985.0,2561.0,0.0,0.0,0.0,0.0,0.0,0.0,0.0,0.0
17,1986.0,2843.0,0.0,0.0,0.0,0.0,0.0,0.0,0.0,0.0
17,1987.0,2786.0,0.0,0.0,0.0,0.0,0.0,0.0,0.0,0.0
17,1988.0,2731.0,0.0,0.0,0.0,0.0,0.0,0.0,0.0,0.0
17,1989.0,2693.0,0.0,0.0,0.0,0.0,0.0,0.0,0.0,0.0
17,1990.0,2672.0,0.0,0.0,0.0,0.0,0.0,0.0,0.0,0.0
17,1991.0,2873.0,0.0,0.0,0.0,0.0,0.0,0.0,0.0,0.0
17,1992.0,2921.0,0.0,0.0,0.0,0.0,0.0,0.0,0.0,0.0
17,1993.0,3012.0,0.0,0.0,0.0,0.0,0.0,0.0,0.0,0.0
17,1994.0,2968.0,0.0,0.0,0.0,0.0,0.0,0.0,0.0,0.0
17,1995.0,3153.0,0.0,0.0,0.0,0.0,0.0,0.0,0.0,0.0
17,1996.0,3092.0,0.0,0.0,0.0,0.0,0.0,0.0,0.0,0.0
17,1997.0,2912.0,0.0,0.0,0.0,0.0,0.0,0.0,0.0,0.0
17,1998.0,2924.0,0.0,0.0,0.0,0.0,0.0,0.0,0.0,0.0
17,1999.0,3224.0,0.0,0.0,0.0,0.0,0.0,0.0,0.0,0.0
17,2000.0,2798.0,280.0,291.0,1229.0,68.0,166.0,648.0,74.0,42.0
17,2001.0,2870.0,284.0,318.0,1230.0,73.0,195.0,616.0,72.0,82.0
17,2002.0,2851.0,279.0,273.0,1276.0,73.0,186.0,615.0,78.0,71.0
17,2003.0,2903.0,334.0,231.0,1341.0,53.0,203.0,585.0,77.0,79.0
17,2004.0,2734.0,318.0,239.0,1291.0,57.0,163.0,541.0,50.0,75.0
17,2005.0,2857.0,312.0,222.0,1348.0,70.0,190.0,567.0,77.0,71.0
17,2006.0,2695.0,288.0,216.0,1220.0,69.0,198.0,567.0,53.0,84.0
17,2007.0,2727.0,347.0,206.0,1248.0,64.0,206.0,513.0,55.0,88.0
17,2008.0,2777.0,343.0,193.0,1337.0,59.0,178.0,498.0,81.0,88.0
17,2009.0,2989.0,402.0,214.0,1451.0,64.0,183.0,513.0,71.0,91.0
17,2010.0,2981.0,385.0,189.0,1399.0,70.0,228.0,563.0,71.0,76.0
17,2011.0,2910.0,382.0,166.0,1408.0,73.0,195.0,518.0,70.0,98.0
17,2012.0,2972.0,367.0,167.0,1427.0,65.0,229.0,528.0,93.0,96.0
17,2013.0,3041.0,371.0,183.0,1476.0,77.0,221.0,528.0,89.0,95.0
17,2014.0,3159.0,360.0,185.0,1574.0,72.0,208.0,559.0,76.0,125.0
17,2015.0,3269.0,358.0,179.0,1646.0,71.0,227.0,604.0,75.0,109.0
17,2016.0,2939.0,310.0,166.0,1473.0,57.0,221.0,544.0,71.0,97.0
17,2017.0,3112.0,300.0,170.0,1590.0,47.0,258.0,561.0,74.0,112.0
17,2018.0,2880.0,267.0,133.0,1543.0,45.0,197.0,507.0,91.0,97.0
17,2019.0,0.0,0.0,0.0,0.0,0.0,0.0,0.0,0.0,0.0
17,2020.0,0.0,0.0,0.0,0.0,0.0,0.0,0.0,0.0,0.0
17,2021.0,0.0,0.0,0.0,0.0,0.0,0.0,0.0,0.0,0.0
17,2022.0,0.0,0.0,0.0,0.0,0.0,0.0,0.0,0.0,0.0
17,2023.0,0.0,0.0,0.0,0.0,0.0,0.0,0.0,0.0,0.0
17,2024.0,0.0,0.0,0.0,0.0,0.0,0.0,0.0,0.0,0.0
17,2025.0,0.0,0.0,0.0,0.0,0.0,0.0,0.0,0.0,0.0
